object_name,spec_name,redshift,CIV_blueshift,CIV_EW,f2500,components_used,manual_masking_applied,forced_components
0107-0019_STIS,0107-0019_STIS,0.7379901791928926,404.4969925394556,21.126102249494586,0.4919775776037055,,False,False
0115+027_FOS,0115+027_FOS,0.6671563257126756,197.48560807496355,258.6869964977885,0.4858541689870646,,False,False
0152+0023_STIS,0152+0023_STIS,0.5893996319847848,2672.3675039368018,13.944655092787256,0.5122931864040231,,False,False
0253-0138_FOS,0253-0138_FOS,0.8793399655676271,1849.685055631564,15.732725575686224,0.4386351172319561,,False,False
0959+68W1_FOS,0959+68W1_FOS,0.7713587521779437,2329.8461419314876,17.07164967439429,0.45913032051286135,,False,False
1130+106Y_FOS,1130+106Y_FOS,0.5106034913646944,266.5087642305957,60.481633507379144,0.5228151536651252,,False,False
1306+3021_FOS,1306+3021_FOS,0.8094234182920599,1574.9477243978852,13.892112807363732,0.47824339382765135,,False,False
1317+5203_FOS,1317+5203_FOS,1.054859817444746,-632.0507525105193,24.34620049642766,0.46791337408032424,,False,False
1401+0951_FOS,1401+0951_FOS,0.4377786544007207,611.3922089991388,59.91234140372195,0.42707809822593407,,False,False
1628.5+3808_FOS,1628.5+3808_FOS,0.3945,9574.141002142673,0.0,0.5534582728734112,,False,False
1628.6+3806_FOS,1628.6+3806_FOS,0.3943505986216355,-1325.0703461806688,144.39100172236022,0.3708291750365903,,False,False
1RXS J185800.9+485020_COS,1RXS J185800.9+485020_COS,0.079,266.5087642305957,134.02813697932478,0.562192974088316,,False,False
2E 2879_FOS,2E 2879_FOS,0.3199889175596515,-147.88187004671502,80.61145129845018,0.918497709434761,,False,False
2E 2879_STIS,2E 2879_STIS,0.3199889175596515,680.3185584841262,21.43474033137981,2.2341612813866045,,False,False
2MASS J00435499+4234302_COS,2MASS J00435499+4234302_COS,0.191,-78.78126855460229,453.09133986598886,0.23767876901263252,,False,False
2MASS J00505073+3536429_COS,2MASS J00505073+3536429_COS,0.058,2055.57348271678,110.04947848427236,0.636357159359879,,False,False
2MASS J00534614+2232224_COS,2MASS J00534614+2232224_COS,0.1477439224844126,1574.9477243978852,112.29965643230439,0.4862562714288474,,False,False
2MASS J01395577+0619225_STIS,2MASS J01395577+0619225_STIS,0.3963243714693187,2672.3675039368018,0.2650174287811723,0.5811410999791146,,False,False
2MASS J01553002-0857040_COS,2MASS J01553002-0857040_COS,0.1649267928357659,-9.680667062489581,201.17681707458354,0.5985029429764245,,False,False
2MASS J01553002-0857040_STIS,2MASS J01553002-0857040_STIS,0.1649267928357659,-1116.994088339305,37.13117395130208,1.8979064902477245,,False,False
2MASS J02201457-0728591_COS,2MASS J02201457-0728591_COS,0.2137721031735916,473.48142602680343,81.112966002785,0.44088715732801775,,False,False
2MASS J07505172+2454095_STIS,2MASS J07505172+2454095_STIS,0.4002136667185859,-701.286883341517,4.558169211584458,0.8936733852278634,,False,False
2MASS J08010140+1848409_COS,2MASS J08010140+1848409_COS,0.1402260052859415,473.48142602680343,151.18183518835224,0.5745263786684169,,False,False
2MASS J08010140+1848409_STIS,2MASS J08010140+1848409_STIS,0.1402260052859415,749.2255466349936,56.90656154285052,1.1120915027600349,,False,False
2MASS J08013157+3544362_COS,2MASS J08013157+3544362_COS,0.1788997738249112,-78.78126855460229,111.88054169292279,13.085671253644621,,False,False
2MASS J08105865+7602424_COS,2MASS J08105865+7602424_COS,0.1,335.5125590520637,13.6525461301311,0.4948068202305526,,False,False
2MASS J08105865+7602424_STIS,2MASS J08105865+7602424_STIS,0.1,-147.88187004671502,179.96779934394422,1.005808426644691,,False,False
2MASS J08265888+0611428_STIS,2MASS J08265888+0611428_STIS,0.4960378108732581,266.5087642305957,24.87799019761967,0.6551921593075164,,False,False
2MASS J08333293+1644110_STIS,2MASS J08333293+1644110_STIS,0.4606448838511962,-701.286883341517,33.282443393336344,0.6567735761534526,,False,False
2MASS J08355346+0553171_COS,2MASS J08355346+0553171_COS,0.2050768372364957,-355.2804811936978,15.848891114920834,0.7316930885799645,,False,False
2MASS J08453328+4749345_STIS,2MASS J08453328+4749345_STIS,0.3022557428196653,-9.680667062489581,19.701073719295398,0.6527001234337121,,False,False
2MASS J09145142+4219570_STIS,2MASS J09145142+4219570_STIS,0.5503062464265024,128.44309058521125,31.3262842281797,0.5796816548698716,,False,False
2MASS J09215939+4509126_COS,2MASS J09215939+4509126_COS,0.2349403549032422,9574.141002142673,0.0,0.37089325875628204,,False,False
2MASS J09392289+3709438_COS,2MASS J09392289+3709438_COS,0.1862369895060334,611.3922089991388,13.489464147614934,0.3711967955999938,,False,False
2MASS J09460395+0139235_COS,2MASS J09460395+0139235_COS,0.2196892987832372,9574.141002142673,,0.0,,False,False
2MASS J09460395+0139235_STIS,2MASS J09460395+0139235_STIS,0.2196892987832372,-2228.4121124506464,14.181702048763487,1.8868155703086311,,False,False
2MASS J09503674+5128382_COS,2MASS J09503674+5128382_COS,0.2143385964407526,3970.3126210083356,26.95349158688966,0.37638539309937763,,False,False
2MASS J10005499+2622423_STIS,2MASS J10005499+2622423_STIS,0.506057516827396,-9.680667062489581,7.396151762076567,1.1100823587952748,,False,False
2MASS J10051419+5302398_COS,2MASS J10051419+5302398_COS,0.5624120032253861,9574.141002142673,0.0,-164.3525322790006,,False,False
2MASS J10074455+5007467_COS,2MASS J10074455+5007467_COS,0.2118716093544684,59.38121176138286,95.7343484871451,0.42290772454998166,,False,False
2MASS J10115298+5442063_COS,2MASS J10115298+5442063_COS,0.2461937341259831,2055.57348271678,177.1472160714328,0.46343344013998405,,False,False
2MASS J10215235+4645158_COS,2MASS J10215235+4645158_COS,0.204389520172524,9038.664584247608,2.8440566028788363,6.222079271135804,,False,False
2MASS J10233966+5233496_COS,2MASS J10233966+5233496_COS,0.1356801793143951,-217.00183287294783,70.20870131217157,0.5171911609416309,,False,False
2MASS J10332064+2740242_STIS,2MASS J10332064+2740242_STIS,0.5366955333305911,-1533.3014946949936,62.43018603808627,0.5271605237794974,,False,False
2MASS J11113865+5750298_STIS,2MASS J11113865+5750298_STIS,0.4655455634926327,887.0008002684879,19.598742384432537,0.5718455962389621,,False,False
2MASS J11191611+1101069_COS,2MASS J11191611+1101069_COS,0.3938676883145244,-632.0507525105193,742.692224365857,0.4654833642258181,,False,False
2MASS J11243917+4201450_COS,2MASS J11243917+4201450_COS,0.2251139627299986,611.3922089991388,671.3152652302017,0.8122689588171936,,False,False
2MASS J11243917+4201450_FOS,2MASS J11243917+4201450_FOS,0.2251139627299986,404.4969925394556,41.743381971268356,0.5617769630522168,,False,False
2MASS J11575874-0022208_COS,2MASS J11575874-0022208_COS,0.2601715363224793,-2646.2297028680578,41.43915001299443,0.5593395571617914,,False,False
2MASS J12253479-0247571_COS,2MASS J12253479-0247571_COS,0.1954394957730914,749.2255466349936,40.956519478889305,0.39553971615924116,,False,False
2MASS J12305003+0115226_COS,2MASS J12305003+0115226_COS,0.117,887.0008002684879,2.8111954840261473,0.4881894529926927,,False,False
2MASS J12305003+0115226_STIS,2MASS J12305003+0115226_STIS,0.117,2946.0786844618933,16.60577719249218,0.28496315467978184,,False,False
2MASS J12514225+2404355_COS,2MASS J12514225+2404355_COS,0.188207138877108,-78.78126855460229,159.70855751122295,0.5429859619621907,,False,False
2MASS J12514225+2404355_STIS,2MASS J12514225+2404355_STIS,0.188207138877108,611.3922089991388,59.09234889607473,1.9237459516389472,,False,False
2MASS J13304515+2813216_COS,2MASS J13304515+2813216_COS,0.4171968473498484,749.2255466349936,69.71916797579182,-4.4241516359896105,,False,False
2MASS J13470152+2154008_STIS,2MASS J13470152+2154008_STIS,0.5022094289925365,59.38121176138286,36.93706209910757,0.541366892060364,,False,False
2MASS J13571260+1704439_COS,2MASS J13571260+1704439_COS,0.1509047488583722,-78.78126855460229,98.58265731108189,0.3210475177198336,,False,False
2MASS J14162560+5354386_STIS,2MASS J14162560+5354386_STIS,0.2629867801421608,-286.1411570333448,180.7746133567441,0.7249014756402911,,False,False
2MASS J14294306+4747262_COS,2MASS J14294306+4747262_COS,0.2201802978449285,197.48560807496355,25.53178559949443,0.27114463966769664,,False,False
2MASS J14294306+4747262_FOS,2MASS J14294306+4747262_FOS,0.2201802978449285,-286.1411570333448,56.84004111223626,0.640459861858089,,False,False
2MASS J14441467+0633067_COS,2MASS J14441467+0633067_COS,0.2082787421218677,335.5125590520637,83.55386397804071,0.4736082501773091,,False,False
2MASS J14464593+4035057_FOS,2MASS J14464593+4035057_FOS,0.2705840249572124,3561.0333789400174,16.40350561892381,0.6153539519893708,,False,False
2MASS J15213967+0337292_COS,2MASS J15213967+0337292_COS,0.1262864548589803,-562.8339830136417,132.2479472835868,0.973282923846089,,False,False
2MASS J15265460+5655124_STIS,2MASS J15265460+5655124_STIS,0.4819870471821878,473.48142602680343,37.78538914410339,0.5900553161083878,,False,False
2MASS J15322879+0453581_COS,2MASS J15322879+0453581_COS,0.2182197726059885,-770.5230141725146,196.7716670309323,0.433005548001159,,False,False
2MASS J15434073+1128015_COS,2MASS J15434073+1128015_COS,0.4216610211436046,-632.0507525105193,25.93692617929639,0.2732278642351908,,False,False
2MASS J15583777+0813455_STIS,2MASS J15583777+0813455_STIS,0.5171013912709157,473.48142602680343,11.165156954321166,0.6406788467225877,,False,False
2MASS J16171142+0638333_COS,2MASS J16171142+0638333_COS,0.2291917381085154,2055.57348271678,89.94781261163749,0.08997256475980345,,False,False
2MASS J16595894+6202181_COS,2MASS J16595894+6202181_COS,0.2326870796856196,9574.141002142673,0.0,0.44351994798074845,,False,False
2MASS J17144850+3327383_COS,2MASS J17144850+3327383_COS,0.1804647950383507,-978.3669360043486,280.52749673516263,0.7826060567871902,,False,False
2MASS J17144850+3327383_STIS,2MASS J17144850+3327383_STIS,0.1804647950383507,-1186.3463871750678,160.36070864498942,1.7589620559868306,,False,False
2MASS J21145258+0607423_FOS,2MASS J21145258+0607423_FOS,0.4608,1368.7301546325386,60.96755567190264,0.5036548718542861,,False,False
2MASS J21145258+0607423_STIS,2MASS J21145258+0607423_STIS,0.4608,1506.214988254143,40.51654688337223,0.5169540161713465,,False,False
2MASS J22360767+1343554_STIS,2MASS J22360767+1343554_STIS,0.3264161497257916,1643.661099207463,6.573172811967877,0.6044388531639081,,False,False
2MASS J22484115-5109532_COS,2MASS J22484115-5109532_COS,0.1,128.44309058521125,108.02036763645295,0.4210600460442894,,False,False
2MASSI J0352305-071102_FOS,2MASSI J0352305-071102_FOS,0.9658738719295776,-147.88187004671502,31.484486827729462,0.45929855678353354,,False,False
2MASSI J0859463+274534_STIS,2MASSI J0859463+274534_STIS,0.2441690756959724,542.4464981800312,30.884472182855614,0.6791777207691738,,False,False
2MASSI-J091848.6+211717_STIS,2MASSI-J091848.6+211717_STIS,0.1494941623197378,9574.141002142673,0.0,1.299306247564805,,False,False
2MASSI-J165939.7+183436_STIS,2MASSI-J165939.7+183436_STIS,0.1707950328276241,59.38121176138286,71.39846932430936,1.105356372939749,,False,False
2MASX J00122399-1022269_COS,2MASX J00122399-1022269_COS,0.2287656532346176,2055.57348271678,77.70957625638998,0.7405100492174503,,False,False
2MASX J00122399-1022269_STIS,2MASX J00122399-1022269_STIS,0.2287656532346176,5398.288458063372,5.158974247735783,1.7007431198505838,,False,False
2MASX J13053451+1819328_COS,2MASX J13053451+1819328_COS,0.1178946587914367,-1880.6438288974546,29.27453941752788,0.41087905966923366,,False,False
2MASX J13053451+1819328_STIS,2MASX J13053451+1819328_STIS,0.1178946587914367,2946.0786844618933,51.60604720060721,1.8510816956609926,,False,False
2MASX J14510879+2709272_COS,2MASX J14510879+2709272_COS,0.0648217705016947,1024.7179698995778,97.14628682643942,0.45675416573965144,,False,False
2MASX J14510879+2709272_STIS,2MASX J14510879+2709272_STIS,0.0648217705016947,1574.9477243978852,26.294527128267223,0.7043089915492172,,False,False
2MASX-J00391586-5117013_COS,2MASX-J00391586-5117013_COS,0.029,-147.88187004671502,6.3767442161782935,0.538542769096526,,False,False
2MASX-J00391586-5117013_FOS,2MASX-J00391586-5117013_FOS,0.029,404.4969925394556,27.064116001536853,1.242025586453746,,False,False
2QZ J111054.9+004853_STIS,2QZ J111054.9+004853_STIS,0.7616487922652773,1849.685055631564,21.324971348895893,0.4711052302522113,,False,False
3C 196_STIS,3C 196_STIS,0.870798811921011,-1186.3463871750678,2.830717352054441,0.7748709262476312,,False,False
3C 286_FOS,3C 286_FOS,0.8495430998896137,680.3185584841262,9.295854902011662,0.4901067166767071,,False,False
3C 288.1_FOS,3C 288.1_FOS,0.9628518226516242,2398.385264733984,10.538383130933207,0.42689079250125855,,False,False
3C 288.1_STIS,3C 288.1_STIS,0.9628518226516242,3082.8471487208762,3.9933298586033383,0.43621341674732295,,False,False
3C 332.0_FOS,3C 332.0_FOS,0.1509745000065142,749.2255466349936,98.00547499489565,0.6652164002974477,,False,False
3C 454.3_FOS,3C 454.3_FOS,0.8586,473.48142602680343,13.498772483697667,0.6174176833389731,,False,False
3C 84_COS,3C 84_COS,0.0175,749.2255466349936,5.261266185280183,0.24730996061046354,,False,False
3C 84_FOS,3C 84_FOS,0.0175,4038.4645171283414,18.421410153782602,-0.3567158372797402,,False,False
3C 95_FOS,3C 95_FOS,0.616,-78.78126855460229,23.558788401401678,0.4765012500983431,,False,False
3C110_FOS,3C110_FOS,0.7744,-562.8339830136417,58.34464992515892,0.5010770867225092,,False,False
3C186_FOS,3C186_FOS,1.0683583600565545,1231.1678756744097,38.535767876477856,0.5519146902995247,,False,False
3C207_FOS,3C207_FOS,0.6797683519885304,-78.78126855460229,46.791797847120506,0.6855138910303944,,False,False
3C215_FOS,3C215_FOS,0.4113,-9.680667062489581,152.41054150107814,0.8241636566851798,,False,False
3C216-0_FOS,3C216-0_FOS,0.6699145822454888,611.3922089991388,1.7062455987520928,0.5105247822632764,,False,False
3C254_FOS,3C254_FOS,0.7348010249544691,-978.3669360043486,138.07600363696187,0.8015672025948043,,False,False
3C281_FOS,3C281_FOS,0.6017533501626714,404.4969925394556,75.86273566104504,0.5145424079490386,,False,False
3C334.0_FOS,3C334.0_FOS,0.5557573210067811,266.5087642305957,63.127035124774395,0.7264322409745133,,False,False
3C336.0_FOS,3C336.0_FOS,0.9266396761050272,-217.00183287294783,107.46529208634482,0.46262821488603123,,False,False
3C345_FOS,3C345_FOS,0.593116942918676,-217.00183287294783,40.44457708025158,0.8227093094495324,,False,False
3C351_FOS,3C351_FOS,0.3719797196745716,-217.00183287294783,19.572956508676974,0.5605496561362173,,False,False
3C390.3_FOS,3C390.3_FOS,0.0555,611.3922089991388,209.622865898744,0.7179973418815949,,False,False
3XMM J141724.5+523025_STIS,3XMM J141724.5+523025_STIS,0.4820421700226696,59.38121176138286,42.43899798529768,0.5311921451956922,,False,False
4C 00.34_STIS,4C 00.34_STIS,0.905131257489342,59.38121176138286,133.58790346105835,0.45831351791378994,,False,False
4C 11.72_FOS,4C 11.72_FOS,0.3256,266.5087642305957,54.689383602159495,0.8451123598419588,,False,False
4C 13.41_COS,4C 13.41_COS,0.2404609320966504,-2089.26220409427,5.210178166928702,0.5426006516985291,,False,False
4C 13.41_STIS,4C 13.41_STIS,0.2404609320966504,1643.661099207463,4.209660324098342,0.6420298268544824,,False,False
4C29.45_FOS,4C29.45_FOS,0.7246915169254025,1093.5475127139648,0.6558095097638952,0.6267872502949818,,False,False
4C41.21_FOS,4C41.21_FOS,0.6125954166688069,128.44309058521125,78.78742632619172,0.4952091831098974,,False,False
4C55-17_FOS,4C55-17_FOS,0.8994548748714215,-1602.7312388672367,21.11238203414609,0.4826697764613467,,False,False
4C61.20_FOS,4C61.20_FOS,0.4211027940391447,-424.45852802229103,42.31406873965006,0.4771087565920473,,False,False
4C73-18_FOS,4C73-18_FOS,0.3021,59.38121176138286,65.85446136369235,0.5927230199762541,,False,False
6C 134441+623604_COS,6C 134441+623604_COS,0.1164308027393893,6278.803211399941,70.34953319951343,3.991818174166395,,False,False
6C 134441+623604_STIS,6C 134441+623604_STIS,0.1164308027393893,-5165.390969873742,12.566231758479503,2.0926246636983703,,False,False
7C 1555+3313_FOS,7C 1555+3313_FOS,0.9410762926407744,-424.45852802229103,102.31264884224274,0.45231385134385477,,False,False
7C 163119.39+393037.00_FOS,7C 163119.39+393037.00_FOS,1.0241461463636192,-909.0727211709907,10.633352000276629,0.46014298600763076,,False,False
7C 170448.10+361856.00_STIS,7C 170448.10+361856.00_STIS,0.9166898715211488,-78.78126855460229,29.92359847121833,0.437939271634397,,False,False
87GB 004432.0+030343_FOS,87GB 004432.0+030343_FOS,0.6231,611.3922089991388,67.27084598042751,0.47750858978085425,,False,False
87GB 121807.5+173455_COS,87GB 121807.5+173455_COS,0.4433122496293902,473.48142602680343,52.17011091507143,0.4561638155907087,,False,False
AKN120_STIS,AKN120_STIS,0.0323,1231.1678756744097,79.19595284196852,1.0398447721686883,,False,False
ATO J115.9667+27.2109_STIS,ATO J115.9667+27.2109_STIS,0.2527472175168159,-493.63657485092835,30.80247016979176,1.021571847630808,,False,False
ATO J117.7559+29.2386_COS,ATO J117.7559+29.2386_COS,0.1210142853943256,749.2255466349936,40.05614195052099,0.48652260001567077,,False,False
ATO J200.4373+03.5154_COS,ATO J200.4373+03.5154_COS,0.2685675796918334,266.5087642305957,112.81986626289442,0.48027282623390033,,False,False
B20110+29_FOS,B20110+29_FOS,0.3625039458420198,887.0008002684879,203.93793648387327,0.2580241816024546,,False,False
B21248+30_FOS,B21248+30_FOS,1.0606118009282,128.44309058521125,102.7977791764779,0.48108982274769735,,False,False
CSO 1075_STIS,CSO 1075_STIS,0.4643861529384748,955.8690657511149,60.31427209995865,0.5513015160387937,,False,False
CSO 606_STIS,CSO 606_STIS,0.4592440194679221,-9.680667062489581,52.933002532543675,0.617132185627534,,False,False
CXOMP J141123.4+521331_STIS,CXOMP J141123.4+521331_STIS,0.4720930256692396,-286.1411570333448,263.8292761215948,0.5341598532495727,,False,False
Crt A_FOS,Crt A_FOS,0.5562,-355.2804811936978,80.18881535507533,0.4951520893752189,,False,False
ESO 113-45_FOS,ESO 113-45_FOS,0.0461,-9.680667062489581,153.8294592375105,0.7670201717195754,,False,False
ESO 113-45_STIS,ESO 113-45_STIS,0.0461,2398.385264733984,266.822623162052,1.0889864565708973,,False,False
ESO 141-55_COS,ESO 141-55_COS,0.037109,404.4969925394556,93.8828195900935,0.5166595008475935,,False,False
ESO 31-8_COS,ESO 31-8_COS,0.027619,-562.8339830136417,157.4357902057896,0.44604963582308005,,False,False
ESO 462-9_COS,ESO 462-9_COS,0.019277,1162.3770555283074,251.0143520662199,0.39222732835169055,,False,False
ESO 499-41_COS,ESO 499-41_COS,0.012816,680.3185584841262,1.9853805433874354,0.7848890320369556,,False,False
FBQSJ074541.6+314256_FOS,FBQSJ074541.6+314256_FOS,0.4613060573299271,335.5125590520637,104.9711224535855,0.542327727947021,,False,False
H1821+643_FOS,H1821+643_FOS,0.2972,-1880.6438288974546,8.763699274626159,0.7019782640156872,,False,False
H1821+643_STIS,H1821+643_STIS,0.2972,9574.141002142673,0.0,0.4231845294063974,,False,False
HS1543+5921_STIS,HS1543+5921_STIS,0.8118231558161655,4174.7295867000685,14.194713558231392,0.45396954003237155,,False,False
ICRF J000559.2+160949_FOS,ICRF J000559.2+160949_FOS,0.4504,-9.680667062489581,58.32631230748317,0.5304064123422372,,False,False
ICRF J013738.3-243053_STIS,ICRF J013738.3-243053_STIS,0.835,-493.63657485092835,27.881663500703233,0.5026957660097175,,False,False
ICRF J020157.1-113233_FOS,ICRF J020157.1-113233_FOS,0.6713,1299.9586958205564,9.160176821941054,0.5266253258584264,,False,False
ICRF J074110.7+311200_FOS,ICRF J074110.7+311200_FOS,0.6319561457647479,-632.0507525105193,27.412045208266168,0.46681087622455736,,False,False
ICRF J074110.7+311200_STIS,ICRF J074110.7+311200_STIS,0.6319561457647479,542.4464981800312,322.1598391771561,1.3725488061531543,,False,False
ICRF J083052.0+241059_FOS,ICRF J083052.0+241059_FOS,0.942441182201089,542.4464981800312,8.001128772715855,0.9942027973168343,,False,False
ICRF J103059.0+310255_FOS,ICRF J103059.0+310255_FOS,0.1777851648275505,-78.78126855460229,17.532948219316918,5.366302448907288e-05,,False,False
ICRF J113957.0+654749_FOS,ICRF J113957.0+654749_FOS,0.6465,-2576.567622686329,43.793302838285086,0.8951673264149627,,False,False
ICRF J130533.0-103319_COS,ICRF J130533.0-103319_COS,0.2783,-493.63657485092835,173.42622602891137,0.3744997095656963,,False,False
ICRF J130533.0-103319_FOS,ICRF J130533.0-103319_FOS,0.2783,266.5087642305957,7.071148369146982,0.5938748346798831,,False,False
LBQS 1230-0015_COS,LBQS 1230-0015_COS,0.4716400520987808,-147.88187004671502,249.28621766081693,0.7427100512529399,,False,False
LBQS 1235+1807_STIS,LBQS 1235+1807_STIS,0.4534610520264962,1437.4822521104009,146.11275033515378,0.4860555920548033,,False,False
LBQS 1340-0020_STIS,LBQS 1340-0020_STIS,0.7867421695036091,335.5125590520637,28.92836555254982,0.49100447218610127,,False,False
LBQS 1340-0038_FOS,LBQS 1340-0038_FOS,0.3269400977285094,1574.9477243978852,48.032948960819255,0.4914287536136863,,False,False
LBQS 2350-0045B_STIS,LBQS 2350-0045B_STIS,0.7645967254752307,335.5125590520637,80.07493512677478,0.49813915697273775,,False,False
LBQS-1338-0038_COS,LBQS-1338-0038_COS,0.2367316779315824,-1186.3463871750678,211.72163258858663,0.523329937947707,,False,False
LBQS0003+0146_FOS,LBQS0003+0146_FOS,0.233371515304252,266.5087642305957,47.42494174162462,0.541046108896811,,False,False
LBQS0017+0209_FOS,LBQS0017+0209_FOS,0.4021788710946813,2261.3070191289908,16.673401490694722,1.1016388262652466,,False,False
LBQS1132-0302_FOS,LBQS1132-0302_FOS,0.236,1712.3357513488445,13.88944384044357,0.5424096548324777,,False,False
LBQS1138+0204_FOS,LBQS1138+0204_FOS,0.3819158249060606,1093.5475127139648,7.231375717678486,0.43578852672357954,,False,False
LBQS1144-0115_FOS,LBQS1144-0115_FOS,0.3820187531289211,-217.00183287294783,24.604948742058586,0.42409579853936413,,False,False
LBQS1230+0947_FOS,LBQS1230+0947_FOS,0.4159893726063489,-147.88187004671502,31.791483853691112,0.43349661127959843,,False,False
LBQS1317-0142_FOS,LBQS1317-0142_FOS,0.225,1299.9586958205564,36.89403724747195,0.5440027755460357,,False,False
LEDA 10293_COS,LEDA 10293_COS,0.102,473.48142602680343,38.60362906687398,0.3367921035257688,,False,False
LEDA 138607_COS,LEDA 138607_COS,0.0804266222243994,9574.141002142673,0.0,0.24687575581691482,,False,False
LEDA 1440438_COS,LEDA 1440438_COS,0.1422236107727236,59.38121176138286,196.43969036884803,0.4817148195079431,,False,False
LEDA 1771917_COS,LEDA 1771917_COS,0.04,955.8690657511149,0.8439402319463103,1.1976972779066601,,False,False
LEDA 1790_FOS,LEDA 1790_FOS,0.1451,59.38121176138286,18.366229934557953,0.6869369353010245,,False,False
LEDA 2149945_COS,LEDA 2149945_COS,0.2059008465834214,-493.63657485092835,101.55784842982814,0.8400240032130991,,False,False
LEDA 2149945_FOS,LEDA 2149945_FOS,0.2059008465834214,197.48560807496355,50.83692827261757,0.899184337773907,,False,False
LEDA 2816068_COS,LEDA 2816068_COS,0.1218034353514376,404.4969925394556,17.30974715646762,0.4339730613921331,,False,False
LEDA 29208_COS,LEDA 29208_COS,0.1612385044965225,1093.5475127139648,17.075906348378428,0.35722337962481987,,False,False
LEDA 3095439_COS,LEDA 3095439_COS,0.12,-1255.698686010786,95.72190753893244,0.2996605995767136,,False,False
LEDA 3095485_STIS,LEDA 3095485_STIS,0.062817,335.5125590520637,29.591143843269094,0.4775961751333451,,False,False
LEDA 3095555_COS,LEDA 3095555_COS,0.1337249806307565,-701.286883341517,128.2599853483365,0.46314810852970706,,False,False
LEDA 3095876_COS,LEDA 3095876_COS,0.1772697001326776,1368.7301546325386,24.0498082571123,2.4208576112554314,,False,False
LEDA 3095898_COS,LEDA 3095898_COS,0.1393702916149249,128.44309058521125,41.82333442262428,0.37298187623811946,,False,False
LEDA 3096080_COS,LEDA 3096080_COS,0.1291216814377574,197.48560807496355,63.48154904106088,0.6494964394313754,,False,False
LEDA 3237_COS,LEDA 3237_COS,0.1543,-839.7978676717526,394.8232223303286,0.6845545729665031,,False,False
LEDA 3237_FOS,LEDA 3237_FOS,0.1543,404.4969925394556,94.6919115970327,0.570059184003495,,False,False
LEDA 34449_FOS,LEDA 34449_FOS,0.1436504058603245,-217.00183287294783,67.83373883010245,0.9234247235851414,,False,False
LEDA 34570_COS,LEDA 34570_COS,0.1542077342911927,59.38121176138286,26.803524309101146,0.4080037177921442,,False,False
LEDA 34570_FOS,LEDA 34570_FOS,0.1542077342911927,818.1325347858609,17.936209760713794,1.0669310285754368,,False,False
LEDA 38224_COS,LEDA 38224_COS,0.1653512357998014,611.3922089991388,589.3152094753945,0.5253100925699429,,False,False
LEDA 38224_FOS,LEDA 38224_FOS,0.1653512357998014,-9.680667062489581,717.791005733917,1.3119818700490187,,False,False
LEDA 45656_COS,LEDA 45656_COS,0.1544022990126218,473.48142602680343,56.068360137855514,0.49718719076552675,,False,False
LEDA 45656_FOS,LEDA 45656_FOS,0.1544022990126218,-562.8339830136417,82.26748690912592,0.5710789251872046,,False,False
LEDA 50824_COS,LEDA 50824_COS,0.089,-493.63657485092835,58.5855263639278,0.7742250052282708,,False,False
LEDA 50824_FOS,LEDA 50824_FOS,0.089,-909.0727211709907,46.90550971882859,0.7050083659454345,,False,False
LEDA 51016_COS,LEDA 51016_COS,0.1138140055114756,542.4464981800312,79.61683867587571,0.44591603103744387,,False,False
LEDA 51016_FOS,LEDA 51016_FOS,0.1138140055114756,680.3185584841262,34.801684099548474,0.6833227809804182,,False,False
LEDA 51016_STIS,LEDA 51016_STIS,0.1138140055114756,266.5087642305957,101.64791350204439,0.883724315678472,,False,False
LEDA 52314_COS,LEDA 52314_COS,0.126,-770.5230141725146,82.03926521271036,0.4260399478989669,,False,False
LEDA 52314_STIS,LEDA 52314_STIS,0.126,-562.8339830136417,36.72927463862779,0.8069868985790545,,False,False
LEDA 54782_STIS,LEDA 54782_STIS,0.135780889147247,335.5125590520637,57.1163641300306,1.0914735287317547,,False,False
LEDA 82580_COS,LEDA 82580_COS,0.154,3287.883677104586,13.462434930079457,17.041838056432926,,False,False
LEDA 88588_STIS,LEDA 88588_STIS,0.0408,2740.8098200686536,9.206170339871745,0.6748355844498511,,False,False
LEDA 88835_STIS,LEDA 88835_STIS,0.0667,2603.886465136709,7.868790419574519,0.685520520275379,,False,False
LEDA 994116_COS,LEDA 994116_COS,0.192841161378267,-286.1411570333448,169.57577819750753,0.6382373180347853,,False,False
MC0042+101_FOS,MC0042+101_FOS,0.5857,-217.00183287294783,349.05596200294747,0.47376589966049354,,False,False
MC1104+167_FOS,MC1104+167_FOS,0.6303065240905434,-217.00183287294783,54.23553182184551,0.49867042524183863,,False,False
MC1118+12_FOS,MC1118+12_FOS,0.6830295641090576,-78.78126855460229,83.54399410263746,0.6663880395415972,,False,False
MC1146+111_FOS,MC1146+111_FOS,0.8619548042232137,-78.78126855460229,19.791961617033294,0.4906330805860542,,False,False
Mrk 1148_COS,Mrk 1148_COS,0.064,-493.63657485092835,38.000034379701496,0.5959539219047826,,False,False
Mrk 1179_COS,Mrk 1179_COS,0.037599,1781.0297648243463,12.113042649184774,0.6439981359687796,,False,False
Mrk 1253_COS,Mrk 1253_COS,0.049986,680.3185584841262,200.63648928120642,0.39433753262585747,,False,False
Mrk 1310_STIS,Mrk 1310_STIS,0.01956,197.48560807496355,1333.8602460166246,1.284561905830803,,False,False
Mrk 1383_STIS,Mrk 1383_STIS,0.086,-2297.9967472958506,33.82211356151325,0.3231979548831129,,False,False
Mrk 1392_STIS,Mrk 1392_STIS,0.0359,473.48142602680343,103.5595507894448,0.5008208205229804,,False,False
Mrk 142_STIS,Mrk 142_STIS,0.04494,266.5087642305957,40.7132055491608,0.7031223515434692,,False,False
Mrk 231_STIS,Mrk 231_STIS,0.04147,2124.151328187517,42.13149784776742,0.6980171091400544,,False,False
Mrk 279_COS,Mrk 279_COS,0.030451,2192.748534992374,140.8677180286582,0.5006684119412615,,False,False
Mrk 279_STIS,Mrk 279_STIS,0.030451,1574.9477243978852,66.01470666843652,1.7378328180571736,,False,False
Mrk 290_COS,Mrk 290_COS,0.0302,-147.88187004671502,182.3865821485401,0.5106919643418635,,False,False
Mrk 335_COS,Mrk 335_COS,0.025418,-355.2804811936978,51.043901616188975,0.9451300890998535,,False,False
Mrk 335_FOS,Mrk 335_FOS,0.025418,-78.78126855460229,53.847874687871396,1.5602122180977984,,False,False
Mrk 335_STIS,Mrk 335_STIS,0.025418,2398.385264733984,18.48642386044327,1.5147473099865307,,False,False
Mrk 352_COS,Mrk 352_COS,0.01486,-1047.6805121718269,644.2435403071978,1.0405659062816435,,False,False
Mrk 40_STIS,Mrk 40_STIS,0.0211,-9.680667062489581,567.335560788513,1.30282272709184,,False,False
Mrk 478_FOS,Mrk 478_FOS,0.0771,749.2255466349936,26.53044052802753,0.8845825928784773,,False,False
Mrk 478_STIS,Mrk 478_STIS,0.0771,680.3185584841262,18.159089854055527,0.6956233617196106,,False,False
Mrk 486_COS,Mrk 486_COS,0.0389,-78.78126855460229,413.49857489134826,1.597995912016585,,False,False
Mrk 486_FOS,Mrk 486_FOS,0.0389,611.3922089991388,28.320682630503114,0.9232397498734695,,False,False
Mrk 493_FOS,Mrk 493_FOS,0.0313,197.48560807496355,65.82097970160649,1.153188215918351,,False,False
Mrk 493_STIS,Mrk 493_STIS,0.0313,266.5087642305957,102.92879996536145,1.7526978037937158,,False,False
Mrk 509_COS,Mrk 509_COS,0.0344,128.44309058521125,103.59933408348203,0.622403604019827,,False,False
Mrk 509_FOS,Mrk 509_FOS,0.0344,266.5087642305957,110.9844311981966,0.7471798761493278,,False,False
Mrk 509_STIS,Mrk 509_STIS,0.0344,335.5125590520637,118.0951141008831,1.770884531020356,,False,False
Mrk 50_STIS,Mrk 50_STIS,0.0234,-78.78126855460229,141.36664466457287,1.0412988402614987,,False,False
Mrk 817_COS,Mrk 817_COS,0.031328,1093.5475127139648,0.45674051158314377,0.7143816723642537,,False,False
Mrk 817_STIS,Mrk 817_STIS,0.031328,-9.680667062489581,44.138058535010465,1.7142008725263507,,False,False
Mrk 841_COS,Mrk 841_COS,0.036422,1643.661099207463,556.1567122153691,0.580762817583557,,False,False
Mrk 876_COS,Mrk 876_COS,0.129,404.4969925394556,28.60056656755273,0.5350747097488935,,False,False
Mrk 876_STIS,Mrk 876_STIS,0.129,2603.886465136709,41.77654762979092,0.18113952277577522,,False,False
Mrk813_FOS,Mrk813_FOS,0.1107561091936612,-78.78126855460229,131.44065808050308,0.6355291560786914,,False,False
NGC 3227_STIS,NGC 3227_STIS,0.0039,680.3185584841262,88.76359464024917,1.7615660763944698,,False,False
NGC 3516_FOS,NGC 3516_FOS,0.0088,611.3922089991388,94.72765847117276,0.7754134378032789,,False,False
NGC 3516_STIS,NGC 3516_STIS,0.0088,-1116.994088339305,100.77016939199976,0.6780645288835788,,False,False
NGC 3783_FOS,NGC 3783_FOS,0.0095,-9.680667062489581,76.56169165033879,0.6082519846664332,,False,False
NGC 3783_STIS,NGC 3783_STIS,0.0095,680.3185584841262,53.006980955236116,-5.272897666545771,,False,False
NGC 4253_STIS,NGC 4253_STIS,0.0124,59.38121176138286,80.0144764683614,0.8135351485605784,,False,False
NGC 4593_STIS,NGC 4593_STIS,0.009,611.3922089991388,132.70074135977816,3.9143132071031848,,False,False
NGC 5548_COS,NGC 5548_COS,0.0168,128.44309058521125,50.351605880538486,0.5440031679896596,,False,False
NGC 5548_FOS,NGC 5548_FOS,0.0168,-147.88187004671502,195.7874484510283,0.7501963037998808,,False,False
NGC 5548_STIS,NGC 5548_STIS,0.0168,542.4464981800312,0.8653191383715504,4.399883592553086,,False,False
NGC 6814_STIS,NGC 6814_STIS,0.00521,128.44309058521125,399.71135474896846,1.1326058211982728,,False,False
NGC 863_COS,NGC 863_COS,0.026385,-9.680667062489581,224.50295132309512,0.5991614723605709,,False,False
NGC 985_COS,NGC 985_COS,0.04271,266.5087642305957,78.52893303278636,0.6061075403137094,,False,False
NGC-4051_COS,NGC-4051_COS,0.002336,1093.5475127139648,159.4672787180347,0.7460863648017337,,False,False
NGC-4051_STIS,NGC-4051_STIS,0.002336,9574.141002142673,0.0,0.7064246488927545,,False,False
NGC-7469_COS,NGC-7469_COS,0.016268,-1116.994088339305,35.681021853701985,0.4431817633556818,,False,False
NGC-7469_FOS,NGC-7469_FOS,0.016268,-147.88187004671502,49.0131914964827,1.5480399296500402,,False,False
NGC-7469_STIS,NGC-7469_STIS,0.016268,197.48560807496355,148.06364930786987,1.9283869829976,,False,False
NGC1566-NUC_FOS,NGC1566-NUC_FOS,0.0051,-562.8339830136417,78.70651915860653,1.771059268626054,,False,False
NGC2841UB3_FOS,NGC2841UB3_FOS,0.5569443329622199,2398.385264733984,7.626368759159148,0.4755759842006917,,False,False
NGC4151_FOS,NGC4151_FOS,0.00332,404.4969925394556,71.02186980686447,1.613744242011655,,False,False
NGC4151_STIS,NGC4151_STIS,0.00332,473.48142602680343,137.7553372669898,1.7711031193846827,,False,False
NGC4395_COS,NGC4395_COS,0.0008,-1394.4613676846277,255.25348427084828,0.5027132639518916,,False,False
NGC4395_FOS,NGC4395_FOS,0.0008,59.38121176138286,194.01301196989087,0.8349226213874916,,False,False
OI-287_FOS,OI-287_FOS,0.444415694712746,-424.45852802229103,38.67771074667473,0.3896365527924976,,False,False
OQ208_FOS,OQ208_FOS,0.0764120605669926,3833.9507447660076,10.388378905392477,0.6300523925508071,,False,False
OX169_FOS,OX169_FOS,0.2106,-1602.7312388672367,4.199892893448801,0.7234707908198846,,False,False
PB 3456_STIS,PB 3456_STIS,0.463691899536254,542.4464981800312,38.65431656248507,0.5954287768017319,,False,False
PB 3894_COS,PB 3894_COS,0.0811,266.5087642305957,87.09905251228616,0.5597535597252865,,False,False
PB 3894_FOS,PB 3894_FOS,0.0811,128.44309058521125,79.4655076848655,1.3618847995692143,,False,False
PB 3894_STIS,PB 3894_STIS,0.0811,335.5125590520637,32.44487480929049,0.4545142146972261,,False,False
PB 4142_COS,PB 4142_COS,0.1509130171767141,542.4464981800312,40.858413468966255,0.3833067717793247,,False,False
PB 4142_FOS,PB 4142_FOS,0.1509130171767141,542.4464981800312,41.01891866653838,0.889631672419318,,False,False
PB 6739_COS,PB 6739_COS,0.5124950634903213,7089.268657872335,20.92268666921959,6.365826936622796,,False,False
PB 8142_STIS,PB 8142_STIS,0.4924766666950629,266.5087642305957,26.191006708015365,0.5651250070234901,,False,False
PG 1049-005_COS,PG 1049-005_COS,0.3600537624415858,335.5125590520637,11364.617142747857,0.07871815378085505,,False,False
PG 1049-005_FOS,PG 1049-005_FOS,0.3600537624415858,542.4464981800312,56.548548283251606,0.5949294589262679,,False,False
PG 1216+069_COS,PG 1216+069_COS,0.3322,9574.141002142673,0.0,0.46135703197348155,,False,False
PG 1216+069_FOS,PG 1216+069_FOS,0.3322,-9.680667062489581,67.31905386174957,0.5634617982264435,,False,False
PG0946+301_FOS,PG0946+301_FOS,1.2234377647494208,335.5125590520637,169.735398245453,0.6356965237173529,,False,False
PG0946+301_STIS,PG0946+301_STIS,1.2234377647494208,1231.1678756744097,8.356934567853186,0.1944248107130905,,False,False
PG0953+415_COS,PG0953+415_COS,0.2347,887.0008002684879,21.492618527908522,0.3951442829265152,,False,False
PG0953+415_FOS,PG0953+415_FOS,0.2347,335.5125590520637,26.235519869974826,0.836487296865808,,False,False
PG0953+415_STIS,PG0953+415_STIS,0.2347,9574.141002142673,0.0,0.39764603224530365,,False,False
PG1254+047_FOS,PG1254+047_FOS,1.028873542691621,2398.385264733984,238.91996468487176,0.3916723760304158,,False,False
PG1259+593_FOS,PG1259+593_FOS,0.4761056550203191,3561.0333789400174,5.924897477430927,0.5333425768807928,,False,False
PG1322+659_STIS,PG1322+659_STIS,0.1674,-1325.0703461806688,128.8399972964931,1.0908711997603997,,False,False
PG1333+176_FOS,PG1333+176_FOS,0.5527732016129306,1986.9569145778025,2.69919045134787,0.5111529631562255,,False,False
PG1351+640_COS,PG1351+640_COS,0.0882,-286.1411570333448,74.54242437406025,0.4975146837100818,,False,False
PG1351+640_FOS,PG1351+640_FOS,0.0882,-562.8339830136417,17.068384383065975,0.6928526552444445,,False,False
PG1351+640_STIS,PG1351+640_STIS,0.0882,-978.3669360043486,653.8183231570661,0.8004599277897001,,False,False
PG1402+261_FOS,PG1402+261_FOS,0.1633,473.48142602680343,19.57094790683614,1.370496225980184,,False,False
PG1402+261_STIS,PG1402+261_STIS,0.1633,3219.5575289774547,828.9151505171646,6.842085182128116,,False,False
PG1404+226_FOS,PG1404+226_FOS,0.098618442998925,2055.57348271678,19.1265396799049,0.8932122201563337,,False,False
PG1404+226_STIS,PG1404+226_STIS,0.098618442998925,1093.5475127139648,36.81432790079136,0.8539423579451569,,False,False
PG1416-129_FOS,PG1416-129_FOS,0.1294,335.5125590520637,302.5840730291168,0.523963518522819,,False,False
PG1538+477_FOS,PG1538+477_FOS,0.7720745622785224,1093.5475127139648,22.160887478754052,0.380671987629013,,False,False
PG1552+085_STIS,PG1552+085_STIS,0.1194697544164308,473.48142602680343,16.739178406769256,1.1406955365602813,,False,False
PG1700+518_FOS,PG1700+518_FOS,0.292,3082.8471487208762,115.84669871039256,0.5932477618357402,,False,False
PHL1093_FOS,PHL1093_FOS,0.26,-978.3669360043486,244.567219306361,0.6602790642918622,,False,False
PKS0214+10_FOS,PKS0214+10_FOS,0.408,266.5087642305957,73.10165381044843,1.157811644857266,,False,False
PKS0403-13_FOS,PKS0403-13_FOS,0.5705,-701.286883341517,92.31194765773755,0.7041752291571034,,False,False
PKS0420-01_FOS,PKS0420-01_FOS,0.915,59.38121176138286,56.552050551242864,0.4705481521363026,,False,False
PKS0420-01_STIS,PKS0420-01_STIS,0.915,-147.88187004671502,16.019094697756007,0.4664410573847098,,False,False
PKS1001+22_FOS,PKS1001+22_FOS,0.9804830875588424,197.48560807496355,105.84042826684183,0.4595497833670018,,False,False
PKS1252+11_FOS,PKS1252+11_FOS,0.8750498488432586,1299.9586958205564,11.61508472301476,0.4667418392522736,,False,False
PKS1451-375_FOS,PKS1451-375_FOS,0.314,-701.286883341517,144.3648612888553,0.4597575465138647,,False,False
PKS2243-123_FOS,PKS2243-123_FOS,0.6255,-147.88187004671502,24.47354965994372,0.40166534013244376,,False,False
PKS2300-68_FOS,PKS2300-68_FOS,0.5158,-424.45852802229103,143.07489642498456,0.5267847846588966,,False,False
PKS2344+09_FOS,PKS2344+09_FOS,0.6719,266.5087642305957,45.844487430407106,0.48681402964791987,,False,False
Pic A_FOS,Pic A_FOS,0.035,335.5125590520637,215.47481494884985,0.7929692200223698,,False,False
Q1214+1804_FOS,Q1214+1804_FOS,0.3733307764234906,266.5087642305957,33.551638248111004,0.45428469925110093,,False,False
Q1229-0207_FOS,Q1229-0207_FOS,1.04259567632235,197.48560807496355,34.314629716510055,0.9449139781983343,,False,False
Q1311+0217_FOS,Q1311+0217_FOS,0.3072050494185137,3765.740764643641,16.47122897099127,0.5113694516525858,,False,False
QSO B0250+0055_STIS,QSO B0250+0055_STIS,1.0323859071656216,-355.2804811936978,5.087318251693617,0.4273367968675005,,False,False
QSO B0624+6907_FOS,QSO B0624+6907_FOS,0.3702,1231.1678756744097,27.21842701769774,0.5874850083504489,,False,False
QSO B0624+6907_STIS,QSO B0624+6907_STIS,0.3702,2124.151328187517,208.0162813582559,0.6918013861449679,,False,False
QSO B1011-040_COS,QSO B1011-040_COS,0.058314,335.5125590520637,31.882418171553027,0.39383951629218744,,False,False
QSO B1048+342_COS,QSO B1048+342_COS,0.1670992347924374,-562.8339830136417,219.43728013708028,0.7001900120786637,,False,False
QSO B1048+342_STIS,QSO B1048+342_STIS,0.1670992347924374,-562.8339830136417,12.96142503239564,1.1189671756574278,,False,False
QSO B1052-0004_STIS,QSO B1052-0004_STIS,1.019575578495305,473.48142602680343,26.51364832178274,0.45025118281669274,,False,False
QSO B1248+401_FOS,QSO B1248+401_FOS,1.0359922452657977,2740.8098200686536,11.928748993799378,0.436710440589612,,False,False
QSO B1355-4138_FOS,QSO B1355-4138_FOS,0.3145,-147.88187004671502,36.506217522815035,0.5034769070319765,,False,False
QSO B1544+4855_FOS,QSO B1544+4855_FOS,0.4009103960055726,2672.3675039368018,18.857716531437905,0.45624732983487737,,False,False
QSO B1626+5529_COS,QSO B1626+5529_COS,0.1326,197.48560807496355,40.133920126118475,0.4870698924076144,,False,False
QSO B1725-142_COS,QSO B1725-142_COS,0.185,4174.7295867000685,24.202068278118833,0.4815780956077931,,False,False
QSO B1725-142_STIS,QSO B1725-142_STIS,0.185,2329.8461419314876,3.484761959087526,0.6500201867163777,,False,False
QSO B2128-123_FOS,QSO B2128-123_FOS,0.4996,-286.1411570333448,73.40905306211101,0.5426726850219786,,False,False
QSO J0110+0019_STIS,QSO J0110+0019_STIS,0.8062830165193169,749.2255466349936,18.19356989172415,0.48886827422018037,,False,False
QSO J0125-0006_FOS,QSO J0125-0006_FOS,1.0732091996381183,749.2255466349936,20.729636225687997,0.39681410590674426,,False,False
QSO J0153+0009_STIS,QSO J0153+0009_STIS,0.8371579292878569,59.38121176138286,61.169725617893484,0.4780733164452873,,False,False
QSO J0441-4313_FOS,QSO J0441-4313_FOS,0.5938,335.5125590520637,69.3658709038788,0.49743628899722064,,False,False
QSO J0623-6436_COS,QSO J0623-6436_COS,0.129,-701.286883341517,76.57946474284711,0.4594690675240657,,False,False
QSO J0635-7516_FOS,QSO J0635-7516_FOS,0.651,-632.0507525105193,48.046706126848676,0.4718658698207165,,False,False
QSO J0820+2334_STIS,QSO J0820+2334_STIS,0.4702859377768876,611.3922089991388,35.77160284360576,0.5790498437209344,,False,False
QSO J0910+1014_COS,QSO J0910+1014_COS,0.4633149219110179,2535.405426336573,1753.1595792275623,5.723977950072508,,False,False
QSO J0936+5331_COS,QSO J0936+5331_COS,0.2276375633570726,-1602.7312388672367,1165.2978356167675,4.112298576056463,,False,False
QSO J0936+5331_STIS,QSO J0936+5331_STIS,0.2276375633570726,5262.584867181261,10.148679917680312,1.7171237938166295,,False,False
QSO J0943+0531_COS,QSO J0943+0531_COS,0.5660869262457968,955.8690657511149,13.574282884462228,0.5269844670010955,,False,False
QSO J1009+0713_COS,QSO J1009+0713_COS,0.4563098405536901,-909.0727211709907,64.35074745442203,0.5915566251804926,,False,False
QSO J1047-0047_STIS,QSO J1047-0047_STIS,0.7410666405695336,335.5125590520637,57.821994794699044,0.5028130345733306,,False,False
QSO J1109+0051_STIS,QSO J1109+0051_STIS,0.9588849842035948,1712.3357513488445,20.986782806776173,0.3981891365282202,,False,False
QSO J1122+0318_STIS,QSO J1122+0318_STIS,0.4751962607956035,335.5125590520637,6.577494140469774,0.6151030772374154,,False,False
QSO J1133+0327_STIS,QSO J1133+0327_STIS,0.5247866998371344,-147.88187004671502,99.46318356215089,0.5440015317816235,,False,False
QSO J1137+3907_STIS,QSO J1137+3907_STIS,1.0295869526141592,4310.917210935271,33.66419553229389,0.1359499264907798,,False,False
QSO J1154+0134_COS,QSO J1154+0134_COS,0.4694367069366986,955.8690657511149,1556.1001094899334,-0.9502825938215446,,False,False
QSO J1225-0052_STIS,QSO J1225-0052_STIS,0.9636067293003566,-9.680667062489581,15.491797354541479,0.465820279705924,,False,False
QSO J1419-0036_STIS,QSO J1419-0036_STIS,0.9701837918058638,1918.3209851047052,15.480499352513053,0.44346917094000093,,False,False
QSO J1435+3604_COS,QSO J1435+3604_COS,0.4294757451675097,-355.2804811936978,125.58266366643048,0.5333777526660338,,False,False
QSO J1525+0026_STIS,QSO J1525+0026_STIS,0.8031388423475001,749.2255466349936,9.513133495152882,0.4883334694901868,,False,False
QSO J1527+2452_STIS,QSO J1527+2452_STIS,0.99545899087509,2809.252136200549,12.888294813596389,0.4163308939501745,,False,False
QSO J1536+0441_COS,QSO J1536+0441_COS,0.3889571950060589,3082.8471487208762,3.1777861899515796,0.8280436032829585,,False,False
QSO J1537+3358_STIS,QSO J1537+3358_STIS,1.0227974658219197,-1325.0703461806688,6.889709969889448,0.445548662320773,,False,False
QSO J1550+4001_COS,QSO J1550+4001_COS,0.4973878733789981,-424.45852802229103,86.19124620980188,0.44510688487359434,,False,False
QSO J1715+5747_STIS,QSO J1715+5747_STIS,0.6975058971258566,611.3922089991388,38.96653253740598,0.4920563022909555,,False,False
QSO J1716+5654_STIS,QSO J1716+5654_STIS,0.9392134048975468,818.1325347858609,37.16453970938158,0.4754688256654203,,False,False
QSO J2334+0052_STIS,QSO J2334+0052_STIS,1.0384642470120573,-217.00183287294783,21.75667287320428,0.3939212209666461,,False,False
QSO0020+287_FOS,QSO0020+287_FOS,0.5144468180121746,59.38121176138286,124.7480552401138,0.6621417399002804,,False,False
QSO1348+263_FOS,QSO1348+263_FOS,0.5959381387080663,818.1325347858609,8.211078258731165,0.6173525270784391,,False,False
RM101_STIS,RM101_STIS,0.4576771273079948,-355.2804811936978,69.49683605929647,0.5549497952717152,,False,False
RM160_STIS,RM160_STIS,0.3591800968828488,-1116.994088339305,552.9075951100463,0.7356098838508116,,False,False
RM229_STIS,RM229_STIS,0.4699624136891457,266.5087642305957,78.09915459301735,0.4752384625680197,,False,False
RM267_STIS,RM267_STIS,0.5876903758638382,59.38121176138286,55.23116683174827,0.4919184394017862,,False,False
RM300_STIS,RM300_STIS,0.6459553822986581,59.38121176138286,24.12251064363587,0.47416587205520805,,False,False
RM301_STIS,RM301_STIS,0.5483705635048117,-9.680667062489581,499.4945188231452,0.3588293817721568,,False,False
RM305_STIS,RM305_STIS,0.5268654484508013,-217.00183287294783,56.95272577233024,0.5202319098683038,,False,False
RM320_STIS,RM320_STIS,0.2646824252554376,59.38121176138286,75.88240832839442,0.7335374472333199,,False,False
RM622_STIS,RM622_STIS,0.5714794870408313,-424.45852802229103,23.59755159416095,0.47721364368475677,,False,False
RM694_STIS,RM694_STIS,0.5324341333055009,1231.1678756744097,14.737377899111593,0.5527510800796214,,False,False
RM720_STIS,RM720_STIS,0.4679143181185927,-9.680667062489581,104.56829144367403,0.5177276491548359,,False,False
RM746_STIS,RM746_STIS,0.6826971739085261,-78.78126855460229,63.32300908984969,0.4634158286115241,,False,False
RM772_STIS,RM772_STIS,0.2491577239688483,128.44309058521125,660.1938630448218,0.5079582085790952,,False,False
RM781_STIS,RM781_STIS,0.2637910400216207,-147.88187004671502,40.034537897175774,0.7043036884872429,,False,False
RM782_STIS,RM782_STIS,0.3630632535664089,-9.680667062489581,39.360712512953356,0.6182958714854485,,False,False
RM790_STIS,RM790_STIS,0.2375168771118837,-1463.8717505227507,38.68823188528699,0.6320411979191838,,False,False
RM822_STIS,RM822_STIS,0.2885116067353971,-286.1411570333448,50.42638904637866,0.6867574354883358,,False,False
RM840_STIS,RM840_STIS,0.2439194164670547,-286.1411570333448,628.913055794702,0.7925384551905389,,False,False
RX J1119.7+5951_STIS,RX J1119.7+5951_STIS,0.4874069076444123,542.4464981800312,18.85892945150314,0.544861811871913,,False,False
RXJ0134-42_FOS,RXJ0134-42_FOS,0.237,3356.190463897553,1.4839545015174656,1.0055535241089564,,False,False
RXS-J00057-5007_COS,RXS-J00057-5007_COS,0.0333,-355.2804811936978,39.31117784053025,0.5145272319111429,,False,False
SDSS J121044.09+164533.1_COS,SDSS J121044.09+164533.1_COS,0.2164566400897719,-286.1411570333448,176.99517752874254,0.45644258121343406,,False,False
SDSS J141830.20+522212.4_STIS,SDSS J141830.20+522212.4_STIS,0.8208482614373188,-770.5230141725146,108.17228685026807,0.5231707779387291,,False,False
SDSS J142112.29+524147.2_STIS,SDSS J142112.29+524147.2_STIS,0.8425340437103421,-424.45852802229103,210.84630539769233,0.2636356042489991,,False,False
SDSS J143443.68+200524.4_COS,SDSS J143443.68+200524.4_COS,0.4561662348515503,-217.00183287294783,117.56073428532363,0.6569600157460688,,False,False
SDSSJ112114.22+032546.7_COS,SDSSJ112114.22+032546.7_COS,0.152138166098905,1437.4822521104009,10.103911623724327,0.17587414509351754,,False,False
SWIFT J2325.6+2157_COS,SWIFT J2325.6+2157_COS,0.12,-493.63657485092835,103.06936959571156,0.4749713023982666,,False,False
TEX1156+213_FOS,TEX1156+213_FOS,0.3473328776538936,266.5087642305957,77.16933750554472,0.601079830836906,,False,False
TON-S180_STIS,TON-S180_STIS,0.062,542.4464981800312,19.3396504368696,0.6827569962175627,,False,False
TON156_FOS,TON156_FOS,0.5496371458213126,1849.685055631564,21.756981389393058,0.5119430155134291,,False,False
TON157_FOS,TON157_FOS,0.9718249091051288,5330.426981955256,3.144373349300335,0.4398975223895987,,False,False
Ton 1057_COS,Ton 1057_COS,0.1897071691256025,-1047.6805121718269,22.396073176573488,0.4576576020462337,,False,False
Ton 1329_COS,Ton 1329_COS,0.5099321361945791,1712.3357513488445,15.14391824457845,0.4112241676368082,,False,False
Ton 1388_COS,Ton 1388_COS,0.1754931152427492,1574.9477243978852,61.051168777449526,0.567185702528238,,False,False
Ton 1388_FOS,Ton 1388_FOS,0.1754931152427492,749.2255466349936,29.370347076530933,1.2085730707095015,,False,False
Ton 1388_STIS,Ton 1388_STIS,0.1754931152427492,2124.151328187517,207.83139658247038,0.3039162614111789,,False,False
Ton 1480_FOS,Ton 1480_FOS,0.6158108315502357,-770.5230141725146,49.22021065193651,0.5798197056711601,,False,False
Ton 153_FOS,Ton 153_FOS,1.0164812610891576,1368.7301546325386,4.59903519404194,0.3510237450446172,,False,False
Ton 1565_COS,Ton 1565_COS,0.1829260552701501,2055.57348271678,10.145404160260235,0.3761012635178678,,False,False
Ton 28_FOS,Ton 28_FOS,0.3270439904371061,887.0008002684879,20.33581341085334,0.5765394462640411,,False,False
Ton 28_STIS,Ton 28_STIS,0.3270439904371061,542.4464981800312,43.98881764360683,1.0880105134609843,,False,False
Ton 469_FOS,Ton 469_FOS,0.5300183756985366,-632.0507525105193,6.9561149736564785,0.9400081527507537,,False,False
Ton 488_COS,Ton 488_COS,0.2562046014752111,1299.9586958205564,10.070902126326652,0.40451563920707084,,False,False
Ton 488_STIS,Ton 488_STIS,0.2562046014752111,-4183.229212380922,100.80674293052816,1.3059092517923783,,False,False
Ton 951_FOS,Ton 951_FOS,0.064,335.5125590520637,16.33437138113582,0.9125278017722533,,False,False
Ton S 210_STIS,Ton S 210_STIS,0.116,-1394.4613676846277,404.05381903241187,0.42716914144118484,,False,False
UGC 12163_COS,UGC 12163_COS,0.0245,-701.286883341517,67.56105202704302,0.47817011436734574,,False,False
UGC 12163_FOS,UGC 12163_FOS,0.0245,197.48560807496355,18.975299188057818,1.2227457751536752,,False,False
UGC 12163_STIS,UGC 12163_STIS,0.0245,-2158.827477605398,56.19377624439291,1.0237866367450803,,False,False
US 1766_COS,US 1766_COS,0.5423139383047447,-562.8339830136417,3.801213681183533,0.5377529501040017,,False,False
US 1786_STIS,US 1786_STIS,0.481937232999726,-978.3669360043486,13.059002503866484,0.5728656441467251,,False,False
US 1867_FOS,US 1867_FOS,0.5148567601522849,1162.3770555283074,37.04066875444777,0.5047052544616099,,False,False
US 737_STIS,US 737_STIS,0.4585393208024262,680.3185584841262,25.941913382481832,0.5452383908264976,,False,False
Z 229-15_STIS,Z 229-15_STIS,0.02788,266.5087642305957,205.3340405556283,1.0427319289989665,,False,False
Z 291-51_STIS,Z 291-51_STIS,0.02787,-78.78126855460229,164.74966577212643,0.9878519427186992,,False,False
Z 535-12_COS,Z 535-12_COS,0.047643,-424.45852802229103,37.38307845663592,0.7173626163178954,,False,False
ZTF J004818.97+394111.8_COS,ZTF J004818.97+394111.8_COS,0.135,197.48560807496355,25.430131855692057,0.40548138315480536,,False,False
ZTF J140251.20+263117.6_COS,ZTF J140251.20+263117.6_COS,0.1877570936158482,128.44309058521125,59.55367575762759,0.42678004382459067,,False,False
