intentType,obs_collection,provenance_name,instrument,project,filters,wave_region,mast_target_name,target_classification,obs_id,ra_deg,dec_deg,dataproduct_type,proposal_pi,calib_level,t_min,t_max,t_exptime,wavelength_region,em_min,em_max,obs_title,t_obs_release,proposal_id,proposal_type,sequence_number,s_region,jpegURL,dataURL,dataRights,mtFlag,srcDen,obsid,objID,wave_min,wave_max,common_name,inst_family
science,HST,CALCOS,COS/FUV,HST,G140L,UV,Q0043+4234,EXT-MEDIUM;ABSORPTION LINE SYSTEM - EXTRAGALACTIC,lb6f09kxq,10.97909916667,42.57507777778,spectrum,"Turnshek, David A.",1,55444.60622789352,55444.61448024306,713.0,UV,123.0,205.0,Probing the Outer Regions of M31 with QSO Absorption Lines,55809.87807862,11658,GO,,CIRCLE 10.97909917 42.5750778 0.00034722,,mast:HST/product/lb6f09kxq_rawacq.fits,PUBLIC,False,,24138571,891454057,123.0,205.0,2MASS J00435499+4234302,COS
science,HST,CALCOS,COS/FUV,HST,G140L,UV,Q0043+4234,EXT-MEDIUM;ABSORPTION LINE SYSTEM - EXTRAGALACTIC,lb6f09kyq,10.97909916667,42.57507777778,spectrum,"Turnshek, David A.",1,55444.61536894676,55444.617290243055,166.0,UV,123.0,205.0,Probing the Outer Regions of M31 with QSO Absorption Lines,55809.87887729,11658,GO,,CIRCLE 10.97909917 42.5750778 0.00034722,,mast:HST/product/lb6f09kyq_rawacq.fits,PUBLIC,False,,24138572,891454065,123.0,205.0,2MASS J00435499+4234302,COS
science,HST,CALCOS,COS/FUV,HST,G140L,UV,Q0043+4234,EXT-MEDIUM;ABSORPTION LINE SYSTEM - EXTRAGALACTIC,lb6f09kzq,10.97909916667,42.57507777778,spectrum,"Turnshek, David A.",1,55444.619398842595,55444.619665046295,23.0,UV,123.0,205.0,Probing the Outer Regions of M31 with QSO Absorption Lines,55809.87913192,11658,GO,,CIRCLE 10.97909917 42.5750778 0.00034722,,mast:HST/product/lb6f09kzq_rawacq.fits,PUBLIC,False,,24138573,891468403,123.0,205.0,2MASS J00435499+4234302,COS
science,HST,CALCOS,COS/FUV,HST,G160M,UV,Q0043+4234,ISM;ABSORPTION LINE SYSTEM;ABSORPTION LINE SYSTEM - EXTRAGALACTIC;ABSORPTION LINE SYSTEM - GALACTIC,leq433030,10.9791,42.57508055556,spectrum,"Lehner, Nicolas",3,59832.501645752316,59832.592351770836,4648.0,UV,140.5,177.5,Connecting the Smoke to the Fire: Mapping Andromedas Inner Circumgalactic Medium,59833.17498837,16730,GO,,POLYGON 10.97863879 42.57515279 10.97863879 42.57500841 10.97871854 42.57487651 10.97886424 42.5747799 10.97905071 42.57473528 10.97924571 42.57475037 10.9794155 42.57482256 10.97953075 42.57493937 10.97957152 42.5750806 10.97953075 42.57522183 10.97941551 42.57533863 10.97924571 42.57541083 10.97905071 42.57542592 10.97886424 42.5753813 10.97871853 42.57528469 10.97863879 42.57515279 10.97863879 42.57515279,,mast:HST/product/leq433030_x1dsum.fits,PUBLIC,False,,92403733,892024256,140.5,177.5,2MASS J00435499+4234302,COS
science,HST,CALCOS,COS/FUV,HST,G140L,UV,Q0043+4234,EXT-MEDIUM;ABSORPTION LINE SYSTEM - EXTRAGALACTIC,lb6f09030,10.97909916667,42.57507777778,spectrum,"Turnshek, David A.",3,55444.62124957176,55444.69170123843,3454.5280000000002,UV,123.0,205.0,Probing the Outer Regions of M31 with QSO Absorption Lines,55809.88564808,11658,GO,,POLYGON 10.97863796 42.57514999 10.97863796 42.57500561 10.97871771 42.57487371 10.97886341 42.5747771 10.97904988 42.57473248 10.97924488 42.57474757 10.97941467 42.57481976 10.97952992 42.57493657 10.97957069 42.5750778 10.97952992 42.57521903 10.97941468 42.57533583 10.97924488 42.57540803 10.97904988 42.57542312 10.97886341 42.5753785 10.9787177 42.57528189 10.97863796 42.57514999 10.97863796 42.57514999,mast:HST/product/lb6f09030_x1dsum.png,mast:HST/product/lb6f09030_x1dsum.fits,PUBLIC,False,,24842006,1006553696,123.0,205.0,2MASS J00435499+4234302,COS
science,HST,CALCOS,COS/NUV,HST,G230L,UV,Q0043+4234,EXT-MEDIUM;ABSORPTION LINE SYSTEM - EXTRAGALACTIC,lb6f09040,10.97909916667,42.57507777778,spectrum,"Turnshek, David A.",3,55444.70289181713,55444.84193116898,6137.344,UV,170.0,320.0,Probing the Outer Regions of M31 with QSO Absorption Lines,55809.96855318,11658,GO,,POLYGON 10.97863796 42.57514999 10.97863796 42.57500561 10.97871771 42.57487371 10.97886341 42.5747771 10.97904988 42.57473248 10.97924488 42.57474757 10.97941467 42.57481976 10.97952992 42.57493657 10.97957069 42.5750778 10.97952992 42.57521903 10.97941468 42.57533583 10.97924488 42.57540803 10.97904988 42.57542312 10.97886341 42.5753785 10.9787177 42.57528189 10.97863796 42.57514999 10.97863796 42.57514999,mast:HST/product/lb6f09040_x1dsum.png,mast:HST/product/lb6f09040_x1dsum.fits,PUBLIC,False,,24842007,1006558863,170.0,320.0,2MASS J00435499+4234302,COS
science,HST,CALCOS,COS/FUV,HST,G130M,UV,Q0043+4234,ISM;ABSORPTION LINE SYSTEM;ABSORPTION LINE SYSTEM - EXTRAGALACTIC;ABSORPTION LINE SYSTEM - GALACTIC,leq429050,10.9791,42.57508055556,spectrum,"Lehner, Nicolas",3,59826.285777627316,59826.4431040162,7160.415999999999,UV,115.0,145.0,Connecting the Smoke to the Fire: Mapping Andromedas Inner Circumgalactic Medium,59826.66476848,16730,GO,,POLYGON 10.97863879 42.57515279 10.97863879 42.57500841 10.97871854 42.57487651 10.97886424 42.5747799 10.97905071 42.57473528 10.97924571 42.57475037 10.9794155 42.57482256 10.97953075 42.57493937 10.97957152 42.5750806 10.97953075 42.57522183 10.97941551 42.57533863 10.97924571 42.57541083 10.97905071 42.57542592 10.97886424 42.5753813 10.97871853 42.57528469 10.97863879 42.57515279 10.97863879 42.57515279,mast:HST/product/leq429050_x1dsum.png,mast:HST/product/leq429050_x1dsum.fits,PUBLIC,False,,90865081,1007665247,115.0,145.0,2MASS J00435499+4234302,COS
science,HST,CALCOS,COS/FUV,HST,G160M,UV,Q0043+4234,ISM;ABSORPTION LINE SYSTEM;ABSORPTION LINE SYSTEM - EXTRAGALACTIC;ABSORPTION LINE SYSTEM - GALACTIC,leq430050,10.9791,42.57508055556,spectrum,"Lehner, Nicolas",3,59831.644377233795,59831.79930806713,7121.535999999999,UV,140.5,177.5,Connecting the Smoke to the Fire: Mapping Andromedas Inner Circumgalactic Medium,59832.49195605,16730,GO,,POLYGON 10.97863879 42.57515279 10.97863879 42.57500841 10.97871854 42.57487651 10.97886424 42.5747799 10.97905071 42.57473528 10.97924571 42.57475037 10.9794155 42.57482256 10.97953075 42.57493937 10.97957152 42.5750806 10.97953075 42.57522183 10.97941551 42.57533863 10.97924571 42.57541083 10.97905071 42.57542592 10.97886424 42.5753813 10.97871853 42.57528469 10.97863879 42.57515279 10.97863879 42.57515279,mast:HST/product/leq430050_x1dsum.png,mast:HST/product/leq430050_x1dsum.fits,PUBLIC,False,,92143740,1007666113,140.5,177.5,2MASS J00435499+4234302,COS
science,HST,CALCOS,COS/FUV,HST,G130M,UV,Q0043+4234,ISM;ABSORPTION LINE SYSTEM;ABSORPTION LINE SYSTEM - EXTRAGALACTIC;ABSORPTION LINE SYSTEM - GALACTIC,leq428050,10.9791,42.57508055556,spectrum,"Lehner, Nicolas",3,59847.70908796296,59847.80026855324,4687.3279999999995,UV,115.0,145.0,Connecting the Smoke to the Fire: Mapping Andromedas Inner Circumgalactic Medium,59848.25425919,16730,GO,,POLYGON 10.97863879 42.57515279 10.97863879 42.57500841 10.97871854 42.57487651 10.97886424 42.5747799 10.97905071 42.57473528 10.97924571 42.57475037 10.9794155 42.57482256 10.97953075 42.57493937 10.97957152 42.5750806 10.97953075 42.57522183 10.97941551 42.57533863 10.97924571 42.57541083 10.97905071 42.57542592 10.97886424 42.5753813 10.97871853 42.57528469 10.97863879 42.57515279 10.97863879 42.57515279,mast:HST/product/leq428050_x1dsum.png,mast:HST/product/leq428050_x1dsum.fits,PUBLIC,False,,94979700,1007666272,115.0,145.0,2MASS J00435499+4234302,COS
science,HST,CALCOS,COS/FUV,HST,G160M,UV,Q0043+4234,ISM;ABSORPTION LINE SYSTEM;ABSORPTION LINE SYSTEM - EXTRAGALACTIC;ABSORPTION LINE SYSTEM - GALACTIC,leq431030,10.9791,42.57508055556,spectrum,"Lehner, Nicolas",3,59829.46015277778,59829.550812615744,4645.28,UV,140.5,177.5,Connecting the Smoke to the Fire: Mapping Andromedas Inner Circumgalactic Medium,59829.78318278,16730,GO,,POLYGON 10.97863879 42.57515279 10.97863879 42.57500841 10.97871854 42.57487651 10.97886424 42.5747799 10.97905071 42.57473528 10.97924571 42.57475037 10.9794155 42.57482256 10.97953075 42.57493937 10.97957152 42.5750806 10.97953075 42.57522183 10.97941551 42.57533863 10.97924571 42.57541083 10.97905071 42.57542592 10.97886424 42.5753813 10.97871853 42.57528469 10.97863879 42.57515279 10.97863879 42.57515279,mast:HST/product/leq431030_x1dsum.png,mast:HST/product/leq431030_x1dsum.fits,PUBLIC,False,,91407687,1007666334,140.5,177.5,2MASS J00435499+4234302,COS
science,HST,CALCOS,COS/FUV,HST,G130M,UV,Q0043+4234,ISM;ABSORPTION LINE SYSTEM;ABSORPTION LINE SYSTEM - EXTRAGALACTIC;ABSORPTION LINE SYSTEM - GALACTIC,leq427050,10.9791,42.57508055556,spectrum,"Lehner, Nicolas",3,59843.67625243055,59843.76745586806,4690.368,UV,115.0,145.0,Connecting the Smoke to the Fire: Mapping Andromedas Inner Circumgalactic Medium,59843.87556712,16730,GO,,POLYGON 10.97863879 42.57515279 10.97863879 42.57500841 10.97871854 42.57487651 10.97886424 42.5747799 10.97905071 42.57473528 10.97924571 42.57475037 10.9794155 42.57482256 10.97953075 42.57493937 10.97957152 42.5750806 10.97953075 42.57522183 10.97941551 42.57533863 10.97924571 42.57541083 10.97905071 42.57542592 10.97886424 42.5753813 10.97871853 42.57528469 10.97863879 42.57515279 10.97863879 42.57515279,mast:HST/product/leq427050_x1dsum.png,mast:HST/product/leq427050_x1dsum.fits,PUBLIC,False,,93975094,1007667575,115.0,145.0,2MASS J00435499+4234302,COS
science,HST,CALCOS,COS/FUV,HST,G160M,UV,Q0043+4234,ISM;ABSORPTION LINE SYSTEM;ABSORPTION LINE SYSTEM - EXTRAGALACTIC;ABSORPTION LINE SYSTEM - GALACTIC,leq432050,10.9791,42.57508055556,spectrum,"Lehner, Nicolas",3,59830.71643761574,59830.8079306713,4648.2880000000005,UV,140.5,177.5,Connecting the Smoke to the Fire: Mapping Andromedas Inner Circumgalactic Medium,59831.27525462,16730,GO,,POLYGON 10.97863879 42.57515279 10.97863879 42.57500841 10.97871854 42.57487651 10.97886424 42.5747799 10.97905071 42.57473528 10.97924571 42.57475037 10.9794155 42.57482256 10.97953075 42.57493937 10.97957152 42.5750806 10.97953075 42.57522183 10.97941551 42.57533863 10.97924571 42.57541083 10.97905071 42.57542592 10.97886424 42.5753813 10.97871853 42.57528469 10.97863879 42.57515279 10.97863879 42.57515279,mast:HST/product/leq432050_x1dsum.png,mast:HST/product/leq432050_x1dsum.fits,PUBLIC,False,,91673589,1007667585,140.5,177.5,2MASS J00435499+4234302,COS
science,HST,HASP,COS,HASP,G140L;G230L,UV,Q0043+4234,,hst_hasp_11658_cos_q0043p4234_lb6f,10.979099166666668,42.57507777848331,spectrum,Turnshek,2,55444.62123842593,55444.8419212963,9591.872,UV,111.29257,289.82482999999996,,55859.0134143,11658,HASP,,CIRCLE 10.97909916667 42.57507777778 0.00034722222222222224,mast:HST/product/hasp/hst_11658_cos_q0043p4234_cg140l-cg230l_lb6f09_cspec.png,mast:HST/product/hasp/hst_11658_cos_q0043p4234_cg140l-cg230l_lb6f_cspec.fits,PUBLIC,False,,199094176,1102062003,111.29257,289.82482999999996,2MASS J00435499+4234302,COS
science,HST,HASP,COS,HASP,G130M;G160M,UV,Q0043+4234,,hst_hasp_16730_cos_q0043p4234_leq4,10.979099999333338,42.57508055581665,spectrum,Lehner,2,59826.285775462966,59847.8002662037,32953.216,UV,113.05013000000001,176.65259,,59954.73894667,16730,HASP,,CIRCLE 10.9791 42.57508055556 0.00034722222222222224,mast:HST/product/hasp/hst_16730_cos_q0043p4234_g130m-g160m_leq4_cspec.png,mast:HST/product/hasp/hst_16730_cos_q0043p4234_g130m-g160m_leq4_cspec.fits,PUBLIC,False,,199097585,1103825983,113.05013000000001,176.65259,2MASS J00435499+4234302,COS
science,HST,CALCOS,COS/FUV,HST,G160M,UV,SDSSJ092159.38+450912.3,GALAXY;STARBURST,lb5b06020,140.4974583333,45.15343888889,spectrum,"Heckman, Timothy M.",3,55356.55041438658,55356.65319236111,6260.288,UV,140.5,177.5,UV spectroscopy of Local Lyman Break Galaxy Analogs: New Clues to Galaxy Formation in the Early Universe,55721.85013878,11727,GO,,POLYGON 140.49790813 45.15358013 140.49778779 45.15369693 140.49761048 45.15376913 140.49740686 45.15378422 140.49721215 45.1537396 140.49706 45.15364299 140.49697673 45.15351109 140.49697673 45.15336671 140.49706 45.15323481 140.49721215 45.1531382 140.49740686 45.15309358 140.49761048 45.15310867 140.49778778 45.15318086 140.49790813 45.15329767 140.49795069 45.1534389 140.49790813 45.15358013 140.49790813 45.15358013,mast:HST/product/lb5b06020_x1dsum.png,mast:HST/product/lb5b06020_x1dsum.fits,PUBLIC,False,,24841500,1006558914,140.5,177.5,2MASS J09215939+4509126,COS
science,HST,CALCOS,COS/FUV,HST,G130M,UV,SDSSJ092159.38+450912.3,GALAXY;STARBURST,lb5b06010,140.4974583333,45.15343888889,spectrum,"Heckman, Timothy M.",3,55356.424547372684,55356.520103090275,5800.352,UV,115.0,145.0,UV spectroscopy of Local Lyman Break Galaxy Analogs: New Clues to Galaxy Formation in the Early Universe,55721.71612256,11727,GO,,POLYGON 140.49790813 45.15358013 140.49778779 45.15369693 140.49761048 45.15376913 140.49740686 45.15378422 140.49721215 45.1537396 140.49706 45.15364299 140.49697673 45.15351109 140.49697673 45.15336671 140.49706 45.15323481 140.49721215 45.1531382 140.49740686 45.15309358 140.49761048 45.15310867 140.49778778 45.15318086 140.49790813 45.15329767 140.49795069 45.1534389 140.49790813 45.15358013 140.49790813 45.15358013,mast:HST/product/lb5b06010_x1dsum.png,mast:HST/product/lb5b06010_x1dsum.fits,PUBLIC,False,,24841499,1006558919,115.0,145.0,2MASS J09215939+4509126,COS
science,HST,CALCOS,COS/FUV,HST,G140L,UV,2MASS-J09215939+4509126,GALAXY;STARBURST,lbyx02010,140.4974583333,45.15344444444,spectrum,"Borthakur, Sanchayeeta",3,56411.2403346875,56411.462012731485,11894.624,UV,123.0,205.0,Direct Detection of Escaping Lyman Continuum Emission from Local Lyman-Break Analog Galaxy,56776.55660869,12886,GO,,POLYGON 140.49790813 45.15358563 140.49778779 45.15370243 140.49761048 45.15377463 140.49740686 45.15378972 140.49721215 45.1537451 140.49706 45.15364849 140.49697673 45.15351659 140.49697673 45.15337221 140.49706 45.15324031 140.49721215 45.1531437 140.49740686 45.15309908 140.49761048 45.15311417 140.49778778 45.15318636 140.49790813 45.15330317 140.49795069 45.1534444 140.49790813 45.15358563 140.49790813 45.15358563,mast:HST/product/lbyx02010_x1dsum.png,mast:HST/product/lbyx02010_x1dsum.fits,PUBLIC,False,,24844891,1006611967,123.0,205.0,2MASS J09215939+4509126,COS
science,HST,CALCOS,COS/FUV,HST,G140L,UV,2MASS-J09215939+4509126,GALAXY;STARBURST,lbyx01010,140.4974583333,45.15344444444,spectrum,"Borthakur, Sanchayeeta",3,56416.17165431713,56416.45330902778,13785.760000000002,UV,123.0,205.0,Direct Detection of Escaping Lyman Continuum Emission from Local Lyman-Break Analog Galaxy,56781.55685175,12886,GO,,POLYGON 140.49790813 45.15358563 140.49778779 45.15370243 140.49761048 45.15377463 140.49740686 45.15378972 140.49721215 45.1537451 140.49706 45.15364849 140.49697673 45.15351659 140.49697673 45.15337221 140.49706 45.15324031 140.49721215 45.1531437 140.49740686 45.15309908 140.49761048 45.15311417 140.49778778 45.15318636 140.49790813 45.15330317 140.49795069 45.1534444 140.49790813 45.15358563 140.49790813 45.15358563,mast:HST/product/lbyx01010_x1dsum.png,mast:HST/product/lbyx01010_x1dsum.fits,PUBLIC,False,,24844890,1006612978,123.0,205.0,2MASS J09215939+4509126,COS
science,HST,HASP,COS,HASP,G140L,XRAY;EUV;UV,2MASS-J09215939+4509126,,hst_hasp_12886_cos_2mass-j09215939p4509126_lbyx,140.49745833333333,45.15344444386221,spectrum,Borthakur,2,56411.240324074075,56416.45329861111,25680.384000000002,XRAY;EUV;UV,4.47234,240.01485,,56781.55685175,12886,HASP,,CIRCLE 140.4974583333 45.15344444444 0.00034722222222222224,mast:HST/product/hasp/hst_12886_cos_2mass-j09215939p4509126_cg140l_lbyx01_cspec.png,mast:HST/product/hasp/hst_12886_cos_2mass-j09215939p4509126_cg140l_lbyx_cspec.fits,PUBLIC,False,,199206781,1102527175,4.47234,240.01485,2MASS J09215939+4509126,COS
science,HST,HASP,COS,HASP,G130M;G160M,UV,SDSSJ092159.38+450912.3,,hst_hasp_11727_cos_sdssj092159d38p450912d3_lb5b,140.49745833333333,45.15343888986222,spectrum,Heckman,2,55356.42453703703,55356.653182870374,12060.64,UV,117.00578,176.63425,,55897.1891551,11727,HASP,,CIRCLE 140.4974583333 45.15343888889 0.00034722222222222224,mast:HST/product/hasp/hst_11727_cos_sdssj092159d38p450912d3_g130m-g160m_lb5b06_cspec.png,mast:HST/product/hasp/hst_11727_cos_sdssj092159d38p450912d3_g130m-g160m_lb5b_cspec.fits,PUBLIC,False,,199094334,1103834505,117.00578,176.63425,2MASS J09215939+4509126,COS
science,HST,CALCOS,COS/FUV,HST,G140L,UV,LY08,GALAXY;STAR FORMING REGION,lcp109010,144.8454166667,37.16221944444,spectrum,"McCandliss, Stephan Robert",3,57010.649229166665,57010.65738877315,600.0,UV,123.0,205.0,High efficiency SNAP survey for Lyman alpha emitters at low redshift,57011.01287037,13761,SNAP,,POLYGON 144.8458147 37.16236063 144.84570821 37.16247743 144.84555131 37.16254963 144.84537113 37.16256472 144.84519882 37.1625201 144.84506418 37.16242349 144.84499049 37.16229159 144.84499049 37.16214721 144.84506418 37.16201531 144.84519882 37.1619187 144.84537113 37.16187408 144.84555131 37.16188917 144.84570821 37.16196136 144.8458147 37.16207817 144.84585237 37.1622194 144.8458147 37.16236063 144.8458147 37.16236063,mast:HST/product/lcp109010_x1dsum.png,mast:HST/product/lcp109010_x1dsum.fits,PUBLIC,False,,24847081,1006749490,123.0,205.0,2MASS J09392289+3709438,COS
science,HST,HASP,COS,HASP,G140L,XRAY;EUV;UV,LY08,,hst_hasp_13761_cos_ly08_lcp1,144.84541666866667,37.162219444398744,spectrum,McCandliss,2,57010.64922453704,57010.65738425926,599.9680000000001,XRAY;EUV;UV,2.5678199999999998,240.01976,,57637.2210996,13761,HASP,,CIRCLE 144.8454166667 37.16221944444 0.00034722222222222224,mast:HST/product/hasp/hst_13761_cos_ly08_cg140l_lcp109_cspec.png,mast:HST/product/hasp/hst_13761_cos_ly08_cg140l_lcp1_cspec.fits,PUBLIC,False,,199016282,1102176878,2.5678199999999998,240.01976,2MASS J09392289+3709438,COS
science,HST,CALCOS,COS/FUV,HST,G140L,UV,SDSSJ100744.54+500746.6,UNIDENTIFIED;ACCRETION DISK;BLR,lb1414010,151.9355833333,50.12963055556,spectrum,"Heckman, Timothy M.",3,55583.886635532406,55583.91553599537,2497.152,UV,123.0,205.0,The Impact of Starbursts on the Gaseous Halos of Galaxies,55949.06086808,11728,GO,,CIRCLE 151.93558333 50.1296306 0.00034722,mast:HST/product/lb1414010_x1dsum.png,mast:HST/product/lb1414010_x1dsum.fits,PUBLIC,False,,24840821,1006521573,123.0,205.0,2MASS J10074455+5007467,COS
science,HST,HASP,COS,HASP,G140L,EUV;UV,SDSSJ100744.54+500746.6,,hst_hasp_11728_cos_sdssj100744d54p500746d6_lb14,151.93558333466666,50.129630555963146,spectrum,Heckman,2,55583.88663194444,55583.91553240741,2497.152,EUV;UV,45.46337,238.10832,,56096.20966437,11728,HASP,,CIRCLE 151.9355833333 50.12963055556 0.00034722222222222224,mast:HST/product/hasp/hst_11728_cos_sdssj100744d54p500746d6_cg140l_lb1414_cspec.png,mast:HST/product/hasp/hst_11728_cos_sdssj100744d54p500746d6_cg140l_lb14_cspec.fits,PUBLIC,False,,198950432,1103739027,45.46337,238.10832,2MASS J10074455+5007467,COS
science,HST,CALCOS,COS/FUV,HST,G140L,UV,SDSSJ111905.27+592514.1,GALAXY;STARBURST,ldie02010,169.7719583333,59.42058333333,spectrum,"Heckman, Timothy M.",3,58387.086767789355,58387.18274001157,5502.72,UV,123.0,205.0,Testing a New Method for Finding Leaky Galaxies: Implications for the Epoch of Reionization,58387.37753468,15341,GO,,POLYGON 169.77264085 59.4205833 169.77258185 59.42072453 169.77241503 59.42084133 169.77216924 59.42091353 169.77188699 59.42092862 169.77161707 59.420884 169.77140616 59.42078739 169.77129072 59.42065549 169.77129073 59.42051111 169.77140616 59.42037921 169.77161707 59.4202826 169.77188699 59.42023798 169.77216924 59.42025307 169.77241502 59.42032526 169.77258184 59.42044207 169.77264085 59.4205833 169.77264085 59.4205833,mast:HST/product/ldie02010_x1dsum.png,mast:HST/product/ldie02010_x1dsum.fits,PUBLIC,False,,26121132,1007343589,123.0,205.0,2MASS J11190530+5925140,COS
science,HST,HASP,COS,HASP,G140L,UV,SDSSJ111905.27+592514.1,,hst_hasp_15341_cos_sdssj111905d27p592514d1_ldie,169.77195833266666,59.42058333289026,spectrum,Heckman,2,58387.08675925926,58387.18273148148,5502.72,UV,111.06195,227.96638,,58387.37753468,15341,HASP,,CIRCLE 169.7719583333 59.42058333333 0.00034722222222222224,mast:HST/product/hasp/hst_15341_cos_sdssj111905d27p592514d1_cg140l_ldie02_cspec.png,mast:HST/product/hasp/hst_15341_cos_sdssj111905d27p592514d1_cg140l_ldie_cspec.fits,PUBLIC,False,,199015764,1103609695,111.06195,227.96638,2MASS J11190530+5925140,COS
science,HST,CALCOS,COS/FUV,HST,G140L,UV,SDSSJ122534.79-024757.1,UNIDENTIFIED;ACCRETION DISK;BLR,lb1405010,186.3949583333,-2.799194444444,spectrum,"Heckman, Timothy M.",3,55347.65291438658,55347.74628244213,5325.280000000001,UV,123.0,205.0,The Impact of Starbursts on the Gaseous Halos of Galaxies,55713.07817131,11728,GO,,POLYGON -173.60538170999996 -2.79926659 -173.60532291000004 -2.79939849 -173.60521548999998 -2.7994951 -173.60507801 -2.79953972 -173.60493424000003 -2.79952463 -173.60480905999998 -2.79945243 -173.60472409 -2.79933563 -173.60469404000003 -2.7991944 -173.60472409 -2.79905317 -173.60480905999998 -2.79893637 -173.60493424000003 -2.79886417 -173.60507801 -2.79884908 -173.60521548999998 -2.7988937 -173.60532291000004 -2.79899031 -173.60538170999996 -2.79912221 -173.60538170999996 -2.79926659 -173.60538170999996 -2.79926659,mast:HST/product/lb1405010_x1dsum.png,mast:HST/product/lb1405010_x1dsum.fits,PUBLIC,False,,24840812,1006529768,123.0,205.0,2MASS J12253479-0247571,COS
science,HST,HASP,COS,HASP,G140L,EUV;UV,SDSSJ122534.79-024757.1,,hst_hasp_11728_cos_sdssj122534d79-024757d1_lb14,186.394958334,-2.7991944440257224,spectrum,Heckman,2,55347.65290509259,55347.74627314815,5325.280000000001,EUV;UV,45.45864,239.99987,,56096.20966437,11728,HASP,,CIRCLE 186.3949583333 -2.799194444444 0.00034722222222222224,mast:HST/product/hasp/hst_11728_cos_sdssj122534d79-024757d1_cg140l_lb1405_cspec.png,mast:HST/product/hasp/hst_11728_cos_sdssj122534d79-024757d1_cg140l_lb14_cspec.fits,PUBLIC,False,,198950465,1103739053,45.45864,239.99987,2MASS J12253479-0247571,COS
science,HST,CALCOS,COS/FUV,HST,G130M,UV,1H1613-097,ISM;CORONAL GAS;HALO;HIGH VELOCITY CLOUD;INTERMEDIATE VELOCITY CLOUD;WIND,lc8y14s3q,243.8295,-9.603694444444,spectrum,"Fox, Andrew J.",1,56903.80101446759,56903.80107233796,5.0,UV,115.0,145.0,The Closest Galactic Wind: UV Properties of the Milky Ways Nuclear Outflow,57268.93513876,13448,GO,,CIRCLE 243.8295 -9.6036944 0.00034722,,mast:HST/product/lc8y14s3q_rawacq.fits,PUBLIC,False,,24149280,891609536,115.0,145.0,2MASS J16151905-0936132,COS
science,HST,CALCOS,COS/FUV,HST,G130M,UV,1H1613-097,ISM;CORONAL GAS;HALO;HIGH VELOCITY CLOUD;INTERMEDIATE VELOCITY CLOUD;WIND,lc8y14s0q,243.8295,-9.603694444444,spectrum,"Fox, Andrew J.",1,56903.766571875,56903.783527893516,1465.0,UV,115.0,145.0,The Closest Galactic Wind: UV Properties of the Milky Ways Nuclear Outflow,57268.93501145,13448,GO,,CIRCLE 243.8295 -9.6036944 0.00034722,,mast:HST/product/lc8y14s0q_rawacq.fits,PUBLIC,False,,24149278,891610320,115.0,145.0,2MASS J16151905-0936132,COS
science,HST,CALCOS,COS/FUV,HST,G130M,UV,1H1613-097,ISM;CORONAL GAS;HALO;HIGH VELOCITY CLOUD;INTERMEDIATE VELOCITY CLOUD;WIND,lc8y14s2q,243.8295,-9.603694444444,spectrum,"Fox, Andrew J.",1,56903.79765752315,56903.798907523145,108.0,UV,115.0,145.0,The Closest Galactic Wind: UV Properties of the Milky Ways Nuclear Outflow,57268.93508089,13448,GO,,CIRCLE 243.8295 -9.6036944 0.00034722,,mast:HST/product/lc8y14s2q_rawacq.fits,PUBLIC,False,,24149279,891610432,115.0,145.0,2MASS J16151905-0936132,COS
science,HST,CALCOS,COS/FUV,HST,G130M,UV,1H1613-097,ISM;CORONAL GAS;HALO;HIGH VELOCITY CLOUD;INTERMEDIATE VELOCITY CLOUD;WIND,lc8y14010,243.8295,-9.603694444444,spectrum,"Fox, Andrew J.",3,56903.80325297454,56903.94755833333,4832.799999999999,UV,115.0,145.0,The Closest Galactic Wind: UV Properties of the Milky Ways Nuclear Outflow,57269.02704852,13448,GO,,POLYGON -116.1705368099999 -9.6040397199998324 -116.17039118000012 -9.6040246300000618 -116.17026436000003 -9.6039524299999446 -116.17017829000007 -9.6038356300000487 -116.17014784000004 -9.6036943999999327 -116.17017829000001 -9.6035531699999677 -116.17026436000009 -9.60343637000011 -116.17039117999995 -9.6033641699998533 -116.1705368099999 -9.6033490799999637 -116.17067607999996 -9.6033936999999678 -116.17078489999997 -9.60349031000008 -116.17084445999998 -9.6036222099999655 -116.1708444600001 -9.6037665900001 -116.17078489999993 -9.6038984899999 -116.17067608000009 -9.6039950999999473 -116.1705368099999 -9.6040397199998324 -116.1705368099999 -9.6040397199998324,mast:HST/product/lc8y14010_x1dsum.png,mast:HST/product/lc8y14010_x1dsum.fits,PUBLIC,False,,24845565,1007558446,115.0,145.0,2MASS J16151905-0936132,COS
science,HST,CALCOS,COS/FUV,HST,G160M,UV,1H1613-097,ISM;CORONAL GAS;HALO;HIGH VELOCITY CLOUD;INTERMEDIATE VELOCITY CLOUD;WIND,lc8y14020,243.8295,-9.603694444444,spectrum,"Fox, Andrew J.",3,56903.979838541665,56904.146609375,8653.696,UV,140.5,177.5,The Closest Galactic Wind: UV Properties of the Milky Ways Nuclear Outflow,57269.2371181,13448,GO,,POLYGON -116.1705368099999 -9.6040397199998324 -116.17039118000012 -9.6040246300000618 -116.17026436000003 -9.6039524299999446 -116.17017829000007 -9.6038356300000487 -116.17014784000004 -9.6036943999999327 -116.17017829000001 -9.6035531699999677 -116.17026436000009 -9.60343637000011 -116.17039117999995 -9.6033641699998533 -116.1705368099999 -9.6033490799999637 -116.17067607999996 -9.6033936999999678 -116.17078489999997 -9.60349031000008 -116.17084445999998 -9.6036222099999655 -116.1708444600001 -9.6037665900001 -116.17078489999993 -9.6038984899999 -116.17067608000009 -9.6039950999999473 -116.1705368099999 -9.6040397199998324 -116.1705368099999 -9.6040397199998324,mast:HST/product/lc8y14020_x1dsum.png,mast:HST/product/lc8y14020_x1dsum.fits,PUBLIC,False,,24845566,1007564199,140.5,177.5,2MASS J16151905-0936132,COS
science,HST,HASP,COS,HASP,G130M;G160M,UV,1H1613-097,,hst_hasp_13448_cos_1h1613-097_lc8y,243.8295,-9.60369444408901,spectrum,Fox,2,56903.803252314814,56904.1466087963,13486.496,UV,113.12826,177.83295,,57272.21535881,13448,HASP,,CIRCLE 243.8295 -9.603694444444 0.00034722222222222224,mast:HST/product/hasp/hst_13448_cos_1h1613-097_g130m-g160m_lc8y14_cspec.png,mast:HST/product/hasp/hst_13448_cos_1h1613-097_g130m-g160m_lc8y_cspec.fits,PUBLIC,False,,199068717,1102177584,113.12826,177.83295,2MASS J16151905-0936132,COS
science,HST,CALCOS,COS/FUV,HST,G140L,UV,SDSSJ132144.97+033055.7,UNIDENTIFIED;ACCRETION DISK;BLR,lb1418010,200.437375,3.515472222222,spectrum,"Heckman, Timothy M.",3,55682.75588568287,55682.7810940162,2178.176,UV,123.0,205.0,The Impact of Starbursts on the Gaseous Halos of Galaxies,56048.82571744,11728,GO,,CIRCLE 200.437375 3.5154722 0.00034722,mast:HST/product/lb1418010_x1dsum.png,mast:HST/product/lb1418010_x1dsum.fits,PUBLIC,False,,24840825,1006521601,123.0,205.0,ATO J200.4373+03.5154,COS
science,HST,HASP,COS,HASP,G140L,EUV;UV,SDSSJ132144.97+033055.7,,hst_hasp_11728_cos_sdssj132144d97p033055d7_lb14,200.43737500066666,3.5154722213656515,spectrum,Heckman,2,55682.75587962963,55682.78108796296,2178.176,EUV;UV,45.4609,240.09233,,56096.20966437,11728,HASP,,CIRCLE 200.437375 3.515472222222 0.00034722222222222224,mast:HST/product/hasp/hst_11728_cos_sdssj132144d97p033055d7_cg140l_lb1418_cspec.png,mast:HST/product/hasp/hst_11728_cos_sdssj132144d97p033055d7_cg140l_lb14_cspec.fits,PUBLIC,False,,198950476,1103739057,45.4609,240.09233,ATO J200.4373+03.5154,COS
science,HST,HASP,COS,HASP,G130M;G160M,UV,ESO462-G09,,hst_hasp_13448_cos_eso462-g09_lc8y,305.464833332,-31.28975000031972,spectrum,Fox,2,56749.878125,56750.169386574074,13676.352,UV,113.13856,177.84679,,57272.21535881,13448,HASP,,CIRCLE 305.4648333333 -31.28975 0.00034722222222222224,mast:HST/product/hasp/hst_13448_cos_eso462-g09_g130m-g160m_lc8y07_cspec.png,mast:HST/product/hasp/hst_13448_cos_eso462-g09_g130m-g160m_lc8y_cspec.fits,PUBLIC,False,,199067822,1102177726,113.13856,177.84679,ESO 462-9,COS
science,HST,CALCOS,COS/FUV,HST,G130M,UV,ESO462-G09,ISM;CORONAL GAS;HALO;HIGH VELOCITY CLOUD;INTERMEDIATE VELOCITY CLOUD;WIND,lc8y07wkq,305.4648333333,-31.28975,spectrum,"Fox, Andrew J.",1,56749.87265590278,56749.87388275463,106.0,UV,115.0,145.0,The Closest Galactic Wind: UV Properties of the Milky Ways Nuclear Outflow,57115.12594902,13448,GO,,CIRCLE 305.46483333 -31.28975 0.00034722,,mast:HST/product/lc8y07wkq_rawacq.fits,PUBLIC,False,,24149210,891597925,115.0,145.0,ESO 462-9,COS
science,HST,CALCOS,COS/FUV,HST,G130M,UV,ESO462-G09,ISM;CORONAL GAS;HALO;HIGH VELOCITY CLOUD;INTERMEDIATE VELOCITY CLOUD;WIND,lc8y07wlq,305.4648333333,-31.28975,spectrum,"Fox, Andrew J.",1,56749.8758965625,56749.875931284725,3.0,UV,115.0,145.0,The Closest Galactic Wind: UV Properties of the Milky Ways Nuclear Outflow,57115.1260069,13448,GO,,CIRCLE 305.46483333 -31.28975 0.00034722,,mast:HST/product/lc8y07wlq_rawacq.fits,PUBLIC,False,,24149211,891598371,115.0,145.0,ESO 462-9,COS
science,HST,CALCOS,COS/FUV,HST,G130M,UV,ESO462-G09,ISM;CORONAL GAS;HALO;HIGH VELOCITY CLOUD;INTERMEDIATE VELOCITY CLOUD;WIND,lc8y07wjq,305.4648333333,-31.28975,spectrum,"Fox, Andrew J.",1,56749.869521099536,56749.872460914354,254.0,UV,115.0,145.0,The Closest Galactic Wind: UV Properties of the Milky Ways Nuclear Outflow,57115.12589115,13448,GO,,CIRCLE 305.46483333 -31.28975 0.00034722,,mast:HST/product/lc8y07wjq_rawacq.fits,PUBLIC,False,,24149209,891598378,115.0,145.0,ESO 462-9,COS
science,HST,CALCOS,COS/FUV,HST,G130M,UV,ESO462-G09,ISM;CORONAL GAS;HALO;HIGH VELOCITY CLOUD;INTERMEDIATE VELOCITY CLOUD;WIND,lc8y07010,305.4648333333,-31.28975,spectrum,"Fox, Andrew J.",3,56749.878135844905,56749.970161377314,4920.768,UV,115.0,145.0,The Closest Galactic Wind: UV Properties of the Milky Ways Nuclear Outflow,57115.2114236,13448,GO,,POLYGON -54.535041109999874 -31.290080230000111 -54.534894789999989 -31.290008030000116 -54.53479548 -31.289891229999778 -54.534760350000091 -31.289749999999941 -54.534795479999957 -31.289608770000026 -54.534894790000095 -31.289491960000003 -54.535041109999987 -31.289419770000112 -54.535209140000035 -31.289404680000082 -54.535369830000072 -31.289449299999973 -54.535495389999959 -31.289545910000097 -54.535564109999932 -31.289677809999947 -54.535564109999854 -31.289822190000066 -54.535495389999973 -31.28995408999981 -54.535369829999937 -31.290050700000169 -54.535209139999978 -31.290095319999914 -54.535041109999874 -31.290080230000111 -54.535041109999874 -31.290080230000111,mast:HST/product/lc8y07010_x1dsum.png,mast:HST/product/lc8y07010_x1dsum.fits,PUBLIC,False,,24845553,1007564178,115.0,145.0,ESO 462-9,COS
science,HST,CALCOS,COS/FUV,HST,G160M,UV,ESO462-G09,ISM;CORONAL GAS;HALO;HIGH VELOCITY CLOUD;INTERMEDIATE VELOCITY CLOUD;WIND,lc8y07020,305.4648333333,-31.28975,spectrum,"Fox, Andrew J.",3,56750.00208248843,56750.16939730324,8755.584,UV,140.5,177.5,The Closest Galactic Wind: UV Properties of the Milky Ways Nuclear Outflow,57115.3394213,13448,GO,,POLYGON -54.535041109999874 -31.290080230000111 -54.534894789999989 -31.290008030000116 -54.53479548 -31.289891229999778 -54.534760350000091 -31.289749999999941 -54.534795479999957 -31.289608770000026 -54.534894790000095 -31.289491960000003 -54.535041109999987 -31.289419770000112 -54.535209140000035 -31.289404680000082 -54.535369830000072 -31.289449299999973 -54.535495389999959 -31.289545910000097 -54.535564109999932 -31.289677809999947 -54.535564109999854 -31.289822190000066 -54.535495389999973 -31.28995408999981 -54.535369829999937 -31.290050700000169 -54.535209139999978 -31.290095319999914 -54.535041109999874 -31.290080230000111 -54.535041109999874 -31.290080230000111,mast:HST/product/lc8y07020_x1dsum.png,mast:HST/product/lc8y07020_x1dsum.fits,PUBLIC,False,,24845554,1007569160,140.5,177.5,ESO 462-9,COS
science,HST,CALCOS,COS/FUV,HST,G140L,UV,SDSSJ222634.07-090106.2,GALAXY;STARBURST,ldie01010,336.6419583333,-9.018388888889,spectrum,"Heckman, Timothy M.",3,58263.686324305556,58263.842493206015,7681.728,UV,123.0,205.0,Testing a New Method for Finding Leaky Galaxies: Implications for the Epoch of Reionization,58264.16413185,15341,GO,,POLYGON -23.35772049999996 -9.018530129999986 -23.357690100000035 -9.0183888999998416 -23.357720499999967 -9.0182476699999459 -23.357806429999918 -9.0181308700000233 -23.357933030000034 -9.01805866999987 -23.358078420000165 -9.0180435799999987 -23.358217450000112 -9.0180882000001219 -23.358326089999938 -9.0181848100000561 -23.358385549999962 -9.0183167100001214 -23.358385549999905 -9.0184610899998745 -23.35832609000003 -9.0185929899999238 -23.358217449999938 -9.0186896000000214 -23.358078420000098 -9.01873421999989 -23.35793302999998 -9.0187191300000684 -23.357806429999993 -9.0186469299998535 -23.35772049999996 -9.018530129999986 -23.35772049999996 -9.018530129999986,mast:HST/product/ldie01010_x1dsum.png,mast:HST/product/ldie01010_x1dsum.fits,PUBLIC,False,,26106129,1007338131,123.0,205.0,FBQS J2226-0901,COS
science,HST,HASP,COS,HASP,G140L,UV,SDSSJ222634.07-090106.2,,hst_hasp_15341_cos_sdssj222634d07-090106d2_ldie,336.6419583333333,-9.018388890083488,spectrum,Heckman,2,58263.686319444445,58263.84248842593,7681.728,UV,111.02803,227.9623,,58387.37753468,15341,HASP,,CIRCLE 336.6419583333 -9.018388888889 0.00034722222222222224,mast:HST/product/hasp/hst_15341_cos_sdssj222634d07-090106d2_cg140l_ldie01_cspec.png,mast:HST/product/hasp/hst_15341_cos_sdssj222634d07-090106d2_cg140l_ldie_cspec.fits,PUBLIC,False,,199015786,1103609736,111.02803,227.9623,FBQS J2226-0901,COS
science,HST,CALCOS,COS/FUV,HST,G130M,UV,PGC-1440438,EXT-MEDIUM;ABSORPTION LINE SYSTEM - EXTRAGALACTIC;EJECTA;WIND,ldnj19010,195.150875,13.78491111111,spectrum,"Burchett, Joseph Neil",3,58336.097496180555,58336.126963773146,2546.208,UV,115.0,145.0,Finding the missing metals around the Universes most prodigious polluters,58520.20612262,15227,GO,,CIRCLE 195.150875 13.7849111 0.00034722,mast:HST/product/ldnj19010_x1dsum.png,mast:HST/product/ldnj19010_x1dsum.fits,PUBLIC,False,,26114930,1007334659,115.0,145.0,LEDA 1440438,COS
science,HST,CALCOS,COS/FUV,HST,G160M,UV,PGC-1440438,EXT-MEDIUM;ABSORPTION LINE SYSTEM - EXTRAGALACTIC;EJECTA;WIND,ldnj19020,195.150875,13.78491111111,spectrum,"Burchett, Joseph Neil",3,58336.159578391205,58336.19338619213,2816.288,UV,140.5,177.5,Finding the missing metals around the Universes most prodigious polluters,58520.27552083,15227,GO,,POLYGON -164.84876748 13.7849111 -164.84879839 13.78505233 -164.84888577000004 13.78516913 -164.84901451999997 13.78524133 -164.84916237 13.78525642 -164.84930376 13.7852118 -164.84941424 13.78511519 -164.84947470999998 13.78498329 -164.84947469999997 13.78483891 -164.84941424 13.78470701 -164.84930376 13.7846104 -164.84916237 13.78456578 -164.84901451999997 13.78458087 -164.84888577000004 13.78465307 -164.84879839 13.78476987 -164.84876748 13.7849111 -164.84876748 13.7849111,mast:HST/product/ldnj19020_x1dsum.png,mast:HST/product/ldnj19020_x1dsum.fits,PUBLIC,False,,26114932,1007363539,140.5,177.5,LEDA 1440438,COS
science,HST,CALCOS,COS/FUV,HST,G130M,UV,PGC-1440438,EXT-MEDIUM;ABSORPTION LINE SYSTEM - EXTRAGALACTIC;EJECTA;WIND,ldnj18010,195.150875,13.78491111111,spectrum,"Burchett, Joseph Neil",3,58338.21624505787,58338.24571265046,2546.208,UV,115.0,145.0,Finding the missing metals around the Universes most prodigious polluters,58522.37001162,15227,GO,,CIRCLE 195.150875 13.7849111 0.00034722,mast:HST/product/ldnj18010_x1dsum.png,mast:HST/product/ldnj18010_x1dsum.fits,PUBLIC,False,,26115366,1007372559,115.0,145.0,LEDA 1440438,COS
science,HST,CALCOS,COS/FUV,HST,G130M,UV,PGC-1440438,EXT-MEDIUM;ABSORPTION LINE SYSTEM - EXTRAGALACTIC;EJECTA;WIND,ldnj19030,195.150875,13.78491111111,spectrum,"Burchett, Joseph Neil",3,58336.22578209491,58336.2595900463,2797.0,UV,115.0,145.0,Finding the missing metals around the Universes most prodigious polluters,58520.58396987,15227,GO,,POLYGON -164.84876748 13.7849111 -164.84879839 13.78505233 -164.84888577000004 13.78516913 -164.84901451999997 13.78524133 -164.84916237 13.78525642 -164.84930376 13.7852118 -164.84941424 13.78511519 -164.84947470999998 13.78498329 -164.84947469999997 13.78483891 -164.84941424 13.78470701 -164.84930376 13.7846104 -164.84916237 13.78456578 -164.84901451999997 13.78458087 -164.84888577000004 13.78465307 -164.84879839 13.78476987 -164.84876748 13.7849111 -164.84876748 13.7849111,mast:HST/product/ldnj19030_x1dsum.png,mast:HST/product/ldnj19030_x1dsum.fits,PUBLIC,False,,26115179,1007377785,115.0,145.0,LEDA 1440438,COS
science,HST,CALCOS,COS/FUV,HST,G160M,UV,PGC-1440438,EXT-MEDIUM;ABSORPTION LINE SYSTEM - EXTRAGALACTIC;EJECTA;WIND,ldnj18020,195.150875,13.78491111111,spectrum,"Burchett, Joseph Neil",3,58338.27831689815,58338.37845552083,5634.5599999999995,UV,140.5,177.5,Finding the missing metals around the Universes most prodigious polluters,58522.51121526,15227,GO,,POLYGON -164.84876748000005 13.784911100000116 -164.84879838999998 13.785052330000044 -164.84888577000018 13.785169129999899 -164.84901451999997 13.785241330000039 -164.84916236999987 13.785256420000142 -164.84930376000005 13.785211799999969 -164.84941424000007 13.785115189999976 -164.8494747099999 13.784983289999888 -164.84947470000009 13.784838909999838 -164.84941423999996 13.784707010000032 -164.84930375999997 13.784610399999947 -164.84916237000004 13.784565780000026 -164.84901451999994 13.784580869999806 -164.84888577000004 13.784653069999953 -164.84879839000004 13.784769869999877 -164.84876748000005 13.784911100000116 -164.84876748000005 13.784911100000116,mast:HST/product/ldnj18020_x1dsum.png,mast:HST/product/ldnj18020_x1dsum.fits,PUBLIC,False,,26115413,1007377787,140.5,177.5,LEDA 1440438,COS
science,HST,CALCOS,COS/FUV,HST,G160M,UV,PGC-1440438,EXT-MEDIUM;ABSORPTION LINE SYSTEM - EXTRAGALACTIC;EJECTA;WIND,ldnj19040,195.150875,13.78491111111,spectrum,"Burchett, Joseph Neil",3,58336.29199730324,58336.32580505787,2816.192,UV,140.5,177.5,Finding the missing metals around the Universes most prodigious polluters,58520.63784722,15227,GO,,POLYGON -164.84876748 13.7849111 -164.84879839 13.78505233 -164.84888577000004 13.78516913 -164.84901451999997 13.78524133 -164.84916237 13.78525642 -164.84930376 13.7852118 -164.84941424 13.78511519 -164.84947470999998 13.78498329 -164.84947469999997 13.78483891 -164.84941424 13.78470701 -164.84930376 13.7846104 -164.84916237 13.78456578 -164.84901451999997 13.78458087 -164.84888577000004 13.78465307 -164.84879839 13.78476987 -164.84876748 13.7849111 -164.84876748 13.7849111,mast:HST/product/ldnj19040_x1dsum.png,mast:HST/product/ldnj19040_x1dsum.fits,PUBLIC,False,,26115186,1007377796,140.5,177.5,LEDA 1440438,COS
science,HST,HASP,COS,HASP,G130M;G160M,UV,PGC-1440438,,hst_hasp_15227_cos_pgc-1440438_ldnj,195.15087499999998,13.784911110129066,spectrum,Burchett,2,58336.09748842593,58338.37844907407,17757.632,UV,112.99649000000001,180.23913,,58959.22539351,15227,HASP,,CIRCLE 195.150875 13.78491111111 0.00034722222222222224,mast:HST/product/hasp/hst_15227_cos_pgc-1440438_g130m-g160m_ldnj18_cspec.png,mast:HST/product/hasp/hst_15227_cos_pgc-1440438_g130m-g160m_ldnj_cspec.fits,PUBLIC,False,,199015726,1103824790,112.99649000000001,180.23913,LEDA 1440438,COS
science,HST,CALCOS,COS/FUV,HST,G130M,UV,HS-0033+4300,GALAXY;NUCLEUS,lb2f03060,9.09575,43.27786111111,spectrum,"Rich, R. Michael",3,55110.40737673611,55110.43579108796,2455.168,UV,115.0,145.0,The Gaseous Corona of M31,55475.55753457,11632,GO,,CIRCLE 9.09575 43.2778611 0.00034722,mast:HST/product/lb2f03060_x1dsum.png,mast:HST/product/lb2f03060_x1dsum.fits,PUBLIC,False,,24841013,1006539372,115.0,145.0,LEDA 3095439,COS
science,HST,CALCOS,COS/FUV,HST,G160M,UV,HS-0033+4300,GALAXY;NUCLEUS,lb2f03070,9.09575,43.27786111111,spectrum,"Rich, R. Michael",3,55110.467631168984,55110.6354090625,9145.376,UV,140.5,177.5,The Gaseous Corona of M31,55475.8287846,11632,GO,,POLYGON 9.0952835 43.27793329 9.0952835 43.27778891 9.09536416 43.27765701 9.09551154 43.2775604 9.09570015 43.27751578 9.09589738 43.27753087 9.09606912 43.27760306 9.09618569 43.27771987 9.09622693 43.2778611 9.09618569 43.27800233 9.09606913 43.27811913 9.09589738 43.27819133 9.09570015 43.27820642 9.09551154 43.2781618 9.09536416 43.27806519 9.0952835 43.27793329 9.0952835 43.27793329,mast:HST/product/lb2f03070_x1dsum.png,mast:HST/product/lb2f03070_x1dsum.fits,PUBLIC,False,,24841014,1006550862,140.5,177.5,LEDA 3095439,COS
science,HST,HASP,COS,HASP,G130M;G160M,UV,HS-0033+4300,,hst_hasp_11632_cos_hs-0033p4300_lb2f,9.09575000133334,43.27786111049536,spectrum,Rich,2,55110.407372685186,55110.635405092595,11600.544000000002,UV,113.43986,174.89976,,55476.61348375,11632,HASP,,CIRCLE 9.09575 43.27786111111 0.00034722222222222224,mast:HST/product/hasp/hst_11632_cos_hs-0033p4300_g130m-g160m_lb2f03_cspec.png,mast:HST/product/hasp/hst_11632_cos_hs-0033p4300_g130m-g160m_lb2f_cspec.fits,PUBLIC,False,,199065949,1103738990,113.43986,174.89976,LEDA 3095439,COS
science,HST,CALCOS,COS/FUV,HST,G130M,UV,RBS563,ISM;ABSORPTION LINE SYSTEM - EXTRAGALACTIC,lb3j04gsq,69.62154166667,-61.79969444444,spectrum,"Howk, Jay Christopher",1,55408.19787653935,55408.207864965276,863.0,UV,115.0,145.0,The LMC as a QSO Absorption Line System,55773.30483799,11692,GO,,CIRCLE 69.62154167 -61.7996944 0.00034722,,mast:HST/product/lb3j04gsq_rawacq.fits,PUBLIC,False,,24136514,891432878,115.0,145.0,LEDA 3095694,COS
science,HST,CALCOS,COS/FUV,HST,G130M,UV,RBS563,ISM;ABSORPTION LINE SYSTEM - EXTRAGALACTIC,lb3j04gtq,69.62154166667,-61.79969444444,spectrum,"Howk, Jay Christopher",1,55408.21304984954,55408.21484383102,155.0,UV,115.0,145.0,The LMC as a QSO Absorption Line System,55773.30535878,11692,GO,,CIRCLE 69.62154167 -61.7996944 0.00034722,,mast:HST/product/lb3j04gtq_rawacq.fits,PUBLIC,False,,24136515,891432881,115.0,145.0,LEDA 3095694,COS
science,HST,CALCOS,COS/FUV,HST,G130M,UV,RBS563,ISM;ABSORPTION LINE SYSTEM - EXTRAGALACTIC,lb3j04guq,69.62154166667,-61.79969444444,spectrum,"Howk, Jay Christopher",1,55408.21661478009,55408.216684224535,6.0,UV,115.0,145.0,The LMC as a QSO Absorption Line System,55773.3057754,11692,GO,,CIRCLE 69.62154167 -61.7996944 0.00034722,,mast:HST/product/lb3j04guq_rawacq.fits,PUBLIC,False,,24136516,891432882,115.0,145.0,LEDA 3095694,COS
science,HST,CALCOS,COS/FUV,HST,G160M,UV,RBS563,ISM;ABSORPTION LINE SYSTEM - EXTRAGALACTIC,lb3j04030,69.62154166667,-61.79969444444,spectrum,"Howk, Jay Christopher",3,55408.281537002316,55408.30601623843,1933.344,UV,140.5,177.5,The LMC as a QSO Absorption Line System,55773.44273147,11692,GO,,POLYGON 69.62176872 -61.79936417 69.62146487 -61.79934908 69.62117429 -61.7993937 69.62094723 -61.79949031 69.62082296 -61.79962221 69.62082295 -61.79976659 69.62094722 -61.79989849 69.62117428 -61.7999951 69.62146486 -61.80003972 69.62176873 -61.80002463 69.62203333 -61.79995243 69.62221292 -61.79983563 69.62227644 -61.7996944 69.62221291 -61.79955317 69.62203332 -61.79943636 69.62176872 -61.79936417 69.62176872 -61.79936417,mast:HST/product/lb3j04030_x1dsum.png,mast:HST/product/lb3j04030_x1dsum.fits,PUBLIC,False,,24841060,1007490471,140.5,177.5,LEDA 3095694,COS
science,HST,CALCOS,COS/FUV,HST,G130M,UV,RBS563,ISM;ABSORPTION LINE SYSTEM - EXTRAGALACTIC,lb3j04010,69.62154166667,-61.79969444444,spectrum,"Howk, Jay Christopher",3,55408.2180184838,55408.24669903935,2478.208,UV,115.0,145.0,The LMC as a QSO Absorption Line System,55773.3109491,11692,GO,,CIRCLE 69.62154167 -61.7996944 0.00034722,mast:HST/product/lb3j04010_x1dsum.png,mast:HST/product/lb3j04010_x1dsum.fits,PUBLIC,False,,24841058,1007491555,115.0,145.0,LEDA 3095694,COS
science,HST,CALCOS,COS/FUV,HST,G130M,UV,RBS563,ISM;ABSORPTION LINE SYSTEM - EXTRAGALACTIC,lb3j04020,69.62154166667,-61.79969444444,spectrum,"Howk, Jay Christopher",3,55408.24931478009,55408.274199039355,2150.208,UV,115.0,145.0,The LMC as a QSO Absorption Line System,55773.31103012,11692,GO,,CIRCLE 69.62154167 -61.7996944 0.00034722,mast:HST/product/lb3j04020_x1dsum.png,mast:HST/product/lb3j04020_x1dsum.fits,PUBLIC,False,,24841059,1007507068,115.0,145.0,LEDA 3095694,COS
science,HST,CALCOS,COS/FUV,HST,G160M,UV,RBS563,ISM;ABSORPTION LINE SYSTEM - EXTRAGALACTIC,lb3j04040,69.62154166667,-61.79969444444,spectrum,"Howk, Jay Christopher",3,55408.30895625,55408.330657638886,1875.2,UV,140.5,177.5,The LMC as a QSO Absorption Line System,55773.4411921,11692,GO,,CIRCLE 69.62154167 -61.7996944 0.00034722,mast:HST/product/lb3j04040_x1dsum.png,mast:HST/product/lb3j04040_x1dsum.fits,PUBLIC,False,,24841061,1007507074,140.5,177.5,LEDA 3095694,COS
science,HST,HASP,COS,HASP,G130M;G160M,UV,RBS563,,hst_hasp_11692_cos_rbs563_lb3j,69.62154166599998,-61.799694443647745,spectrum,Howk,2,55408.21800925926,55408.33064814815,8436.960000000001,UV,113.42360000000001,176.0759,,55827.78751157,11692,HASP,,CIRCLE 69.62154166667 -61.79969444444 0.00034722222222222224,mast:HST/product/hasp/hst_11692_cos_rbs563_g130m-g160m_lb3j04_cspec.png,mast:HST/product/hasp/hst_11692_cos_rbs563_g130m-g160m_lb3j_cspec.fits,PUBLIC,False,,198950493,1103834602,113.42360000000001,176.0759,LEDA 3095694,COS
science,HST,CALCOS,COS/FUV,HST,G140L,UV,LY34,GALAXY;STAR FORMING REGION,lcp135010,178.4422916667,56.32649166667,spectrum,"McCandliss, Stephan Robert",3,57170.31580324074,57170.32396396991,600.0,UV,123.0,205.0,High efficiency SNAP survey for Lyman alpha emitters at low redshift,57170.46141202,13761,SNAP,,POLYGON 178.4429179 56.3264917 178.44286376 56.32663293 178.4427107 56.32674973 178.44248519 56.32682193 178.44222621 56.32683702 178.44197855 56.3267924 178.44178504 56.32669579 178.44167912 56.32656389 178.44167912 56.32641951 178.44178504 56.32628761 178.44197856 56.326191 178.44222621 56.32614638 178.44248518 56.32616147 178.4427107 56.32623366 178.44286376 56.32635047 178.4429179 56.3264917 178.4429179 56.3264917,mast:HST/product/lcp135010_x1dsum.png,mast:HST/product/lcp135010_x1dsum.fits,PUBLIC,False,,24984419,1006753806,123.0,205.0,LEDA 3096080,COS
science,HST,HASP,COS,HASP,G140L,XRAY;EUV;UV,LY34,,hst_hasp_13761_cos_ly34_lcp1,178.4422916673333,56.326491666789565,spectrum,McCandliss,2,57170.31579861111,57170.323958333334,599.9359999999999,XRAY;EUV;UV,3.9787300000000005,240.0931,,57637.2210996,13761,HASP,,CIRCLE 178.4422916667 56.32649166667 0.00034722222222222224,mast:HST/product/hasp/hst_13761_cos_ly34_cg140l_lcp135_cspec.png,mast:HST/product/hasp/hst_13761_cos_ly34_cg140l_lcp1_cspec.fits,PUBLIC,False,,199016308,1102177177,3.9787300000000005,240.0931,LEDA 3096080,COS
science,HST,CALCOS,COS/FUV,HST,G130M,UV,RBS1666,ISM;CORONAL GAS;HALO;HIGH VELOCITY CLOUD;INTERMEDIATE VELOCITY CLOUD;WIND,lc8y11j6q,301.4708333333,-41.57836111111,spectrum,"Fox, Andrew J.",1,56906.31284456018,56906.315784375,254.0,UV,115.0,145.0,The Closest Galactic Wind: UV Properties of the Milky Ways Nuclear Outflow,57271.59630783,13448,GO,,CIRCLE 301.47083333 -41.5783611 0.00034722,,mast:HST/product/lc8y11j6q_rawacq.fits,PUBLIC,False,,24149245,891607575,115.0,145.0,LEDA 3096578,COS
science,HST,CALCOS,COS/FUV,HST,G130M,UV,RBS1666,ISM;CORONAL GAS;HALO;HIGH VELOCITY CLOUD;INTERMEDIATE VELOCITY CLOUD;WIND,lc8y11j8q,301.4708333333,-41.57836111111,spectrum,"Fox, Andrew J.",1,56906.31920853009,56906.319243252314,3.0,UV,115.0,145.0,The Closest Galactic Wind: UV Properties of the Milky Ways Nuclear Outflow,57271.59642357,13448,GO,,CIRCLE 301.47083333 -41.5783611 0.00034722,,mast:HST/product/lc8y11j8q_rawacq.fits,PUBLIC,False,,24149247,891607589,115.0,145.0,LEDA 3096578,COS
science,HST,CALCOS,COS/FUV,HST,G130M,UV,RBS1666,ISM;CORONAL GAS;HALO;HIGH VELOCITY CLOUD;INTERMEDIATE VELOCITY CLOUD;WIND,lc8y11j7q,301.4708333333,-41.57836111111,spectrum,"Fox, Andrew J.",1,56906.315967511575,56906.31719436342,106.0,UV,115.0,145.0,The Closest Galactic Wind: UV Properties of the Milky Ways Nuclear Outflow,57271.5963657,13448,GO,,CIRCLE 301.47083333 -41.5783611 0.00034722,,mast:HST/product/lc8y11j7q_rawacq.fits,PUBLIC,False,,24149246,891607596,115.0,145.0,LEDA 3096578,COS
science,HST,CALCOS,COS/FUV,HST,G160M,UV,RBS1666,ISM;CORONAL GAS;HALO;HIGH VELOCITY CLOUD;INTERMEDIATE VELOCITY CLOUD;WIND,lc8y11020,301.4708333333,-41.57836111111,spectrum,"Fox, Andrew J.",3,56906.442268900464,56906.612373344906,8940.768,UV,140.5,177.5,The Closest Galactic Wind: UV Properties of the Milky Ways Nuclear Outflow,57272.21535881,13448,GO,,POLYGON -58.529023230000149 -41.578691329999984 -58.52885608000004 -41.578619130000149 -58.528742629999954 -41.578502330000042 -58.52870249999998 -41.578361100000116 -58.528742629999968 -41.578219869999984 -58.528856080000011 -41.578103060000004 -58.529023239999937 -41.578030870000148 -58.52921518999996 -41.578015779999866 -58.529398749999842 -41.578060400000133 -58.529542189999979 -41.578157010000169 -58.529620690000129 -41.578288910000012 -58.529620690000023 -41.578433290000049 -58.529542189999894 -41.578565189999907 -58.529398750000055 -41.578661800000013 -58.529215190000066 -41.578706420000138 -58.529023230000149 -41.578691329999984 -58.529023230000149 -41.578691329999984,mast:HST/product/lc8y11020_x1dsum.png,mast:HST/product/lc8y11020_x1dsum.fits,PUBLIC,False,,24845560,1007568020,140.5,177.5,LEDA 3096578,COS
science,HST,CALCOS,COS/FUV,HST,G130M,UV,RBS1666,ISM;CORONAL GAS;HALO;HIGH VELOCITY CLOUD;INTERMEDIATE VELOCITY CLOUD;WIND,lc8y11010,301.4708333333,-41.57836111111,spectrum,"Fox, Andrew J.",3,56906.32144741898,56906.4110653125,5050.752,UV,115.0,145.0,The Closest Galactic Wind: UV Properties of the Milky Ways Nuclear Outflow,57271.66961791,13448,GO,,POLYGON -58.529023230000149 -41.578691329999984 -58.52885608000004 -41.578619130000149 -58.528742629999954 -41.578502330000042 -58.52870249999998 -41.578361100000116 -58.528742629999968 -41.578219869999984 -58.528856080000011 -41.578103060000004 -58.529023239999937 -41.578030870000148 -58.52921518999996 -41.578015779999866 -58.529398749999842 -41.578060400000133 -58.529542189999979 -41.578157010000169 -58.529620690000129 -41.578288910000012 -58.529620690000023 -41.578433290000049 -58.529542189999894 -41.578565189999907 -58.529398750000055 -41.578661800000013 -58.529215190000066 -41.578706420000138 -58.529023230000149 -41.578691329999984 -58.529023230000149 -41.578691329999984,mast:HST/product/lc8y11010_x1dsum.png,mast:HST/product/lc8y11010_x1dsum.fits,PUBLIC,False,,24845559,1007583617,115.0,145.0,LEDA 3096578,COS
science,HST,HASP,COS,HASP,G130M;G160M,UV,RBS1666,,hst_hasp_13448_cos_rbs1666_lc8y,301.4708333333333,-41.5783611104667,spectrum,Fox,2,56906.32144675926,56906.61237268519,13991.52,UV,113.11016,177.82147,,57272.21535881,13448,HASP,,CIRCLE 301.4708333333 -41.57836111111 0.00034722222222222224,mast:HST/product/hasp/hst_13448_cos_rbs1666_g130m-g160m_lc8y11_cspec.png,mast:HST/product/hasp/hst_13448_cos_rbs1666_g130m-g160m_lc8y_cspec.fits,PUBLIC,False,,199068736,1102177991,113.11016,177.82147,LEDA 3096578,COS
science,HST,CALCOS,COS/FUV,HST,G140L,UV,SDSSJ230845.59-091123.9,UNIDENTIFIED;ACCRETION DISK;BLR,lb1406010,347.1899583333,-9.189994444444,spectrum,"Heckman, Timothy M.",3,55418.64639811343,55418.740321909725,5339.360000000001,UV,123.0,205.0,The Impact of Starbursts on the Gaseous Halos of Galaxies,55783.8722221,11728,GO,,POLYGON -12.809689939999998 -9.1899944 -12.809720340000013 -9.18985317 -12.809806309999999 -9.18973637 -12.809932979999985 -9.18966417 -12.810078439999984 -9.18964908 -12.81021753999994 -9.1896937 -12.810326229999987 -9.18979031 -12.81038572 -9.18992221 -12.81038572 -9.19006659 -12.810326229999987 -9.19019849 -12.81021753999994 -9.1902951 -12.810078439999984 -9.19033972 -12.809932979999985 -9.19032463 -12.809806309999999 -9.19025243 -12.809720340000013 -9.19013563 -12.809689939999998 -9.1899944 -12.809689939999998 -9.1899944,mast:HST/product/lb1406010_x1dsum.png,mast:HST/product/lb1406010_x1dsum.fits,PUBLIC,False,,24840813,1006534738,123.0,205.0,LEDA 994116,COS
science,HST,HASP,COS,HASP,G140L,EUV;UV,SDSSJ230845.59-091123.9,,hst_hasp_11728_cos_sdssj230845d59-091123d9_lb14,347.18995833266666,-9.18999444408511,spectrum,Heckman,2,55418.64638888889,55418.7403125,5339.360000000001,EUV;UV,45.46454,241.96418,,56096.20966437,11728,HASP,,CIRCLE 347.1899583333 -9.189994444444 0.00034722222222222224,mast:HST/product/hasp/hst_11728_cos_sdssj230845d59-091123d9_cg140l_lb1406_cspec.png,mast:HST/product/hasp/hst_11728_cos_sdssj230845d59-091123d9_cg140l_lb14_cspec.fits,PUBLIC,False,,198950500,1103739071,45.46454,241.96418,LEDA 994116,COS
science,HST,HASP,COS,HASP,G130M;G160M,UV,IRAS-L06229-6434-COPY,,hst_hasp_11692_cos_iras-l06229-6434-copy_lb3j,95.78200000066667,-64.60575000110816,spectrum,Howk,2,55454.397465277776,55454.52407407408,8032.768000000001,UV,113.44102,176.0711,,55827.78751157,11692,HASP,,CIRCLE 95.782 -64.60575 0.00034722222222222224,mast:HST/product/hasp/hst_11692_cos_iras-l06229-6434-copy_g130m-g160m_lb3j58_cspec.png,mast:HST/product/hasp/hst_11692_cos_iras-l06229-6434-copy_g130m-g160m_lb3j_cspec.fits,PUBLIC,False,,198950425,1103834440,113.44102,176.0711,QSO J0623-6436,COS
science,HST,HASP,COS,HASP,G130M;G160M,UV,IRAS-L06229-6434,,hst_hasp_11692_cos_iras-l06229-6434_lb3j,95.78200000066667,-64.60575000110816,spectrum,Howk,2,55184.80611111111,55184.959756944445,8647.84,UV,113.42428,174.91196000000002,,55827.78751157,11692,HASP,,CIRCLE 95.782 -64.60575 0.00034722222222222224,mast:HST/product/hasp/hst_11692_cos_iras-l06229-6434-copy_g130m-g160m_lb3j58_cspec.png,mast:HST/product/hasp/hst_11692_cos_iras-l06229-6434-copy_g130m-g160m_lb3j_cspec.fits,PUBLIC,False,,198950435,1103834466,113.42428,174.91196000000002,QSO J0623-6436,COS
science,HST,CALCOS,COS/FUV,HST,G130M,UV,IRAS-L06229-6434,ISM;ABSORPTION LINE SYSTEM - EXT,lb3j08010,95.782,-64.60575,spectrum,"Howk, Jay Christopher",3,55182.592581,55182.6821412,4795.001279935241,UV,115.0,145.0,The LMC as a QSO Absorption Line System,55547.74746515,11692,GO,,POLYGON 0.00069444 0 0.0006344 0.00028245 0.00046467 0.00051607 0.00021459 0.00066045 -7.259E-05 0.00069064 -0.00034722 0.0006014 -0.00056181 0.00040818 -0.00067926 0.00014438 -0.00067926 -0.00014438 -0.00056181 -0.00040818 -0.00034722 -0.0006014 -7.259E-05 -0.00069064 0.00021459 -0.00066045 0.00046467 -0.00051607 0.0006344 -0.00028245 0.00069444 0 0.00069444 0,,mast:HST/product/lb3j08010_x1dsum.fits,PUBLIC,False,,24841068,121738909,115.0,145.0,QSO J0623-6436,COS
science,HST,CALCOS,COS/FUV,HST,G160M,UV,IRAS-L06229-6434,ISM;ABSORPTION LINE SYSTEM - EXT,lb3j08020,95.782,-64.60575,spectrum,"Howk, Jay Christopher",3,55182.685388460646,55182.76210162037,4209.994879856706,UV,140.5,177.5,The LMC as a QSO Absorption Line System,55547.87449068,11692,GO,,POLYGON 95.78186161 -64.60505607 95.78122122 -64.60514531 95.78072083 -64.60533852 95.78044694 -64.60560232 95.78044692 -64.60589108 95.78072079 -64.60615489 95.78122119 -64.60634811 95.7818616 -64.60643735 95.78253128 -64.60640716 95.78311443 -64.60626278 95.78351022 -64.60602916 95.7836502 -64.6057467 95.78351018 -64.60546425 95.78311439 -64.60523064 95.78253126 -64.60508626 95.78186161 -64.60505607 95.78186161 -64.60505607,,mast:HST/product/lb3j08020_x1dsum.fits,PUBLIC,False,,24841069,124025879,140.5,177.5,QSO J0623-6436,COS
science,HST,CALCOS,COS/FUV,HST,G130M,UV,IRAS-L06229-6434-COPY,ISM;ABSORPTION LINE SYSTEM - EXTRAGALACTIC,lb3j58010,95.782,-64.60575,spectrum,"Howk, Jay Christopher",3,55454.397466863426,55454.42537195602,2411.2000000000003,UV,115.0,145.0,The LMC as a QSO Absorption Line System,55819.55398135,11692,GO,,CIRCLE 95.782 -64.60575 0.00034722,mast:HST/product/lb3j58010_x1dsum.png,mast:HST/product/lb3j58010_x1dsum.fits,PUBLIC,False,,24841080,1007490721,115.0,145.0,QSO J0623-6436,COS
science,HST,CALCOS,COS/FUV,HST,G130M,UV,IRAS-L06229-6434-COPY,ISM;ABSORPTION LINE SYSTEM - EXTRAGALACTIC,lb3j58020,95.782,-64.60575,spectrum,"Howk, Jay Christopher",3,55454.437999456015,55454.46233973379,2103.0,UV,115.0,145.0,The LMC as a QSO Absorption Line System,55819.55271977,11692,GO,,CIRCLE 95.782 -64.60575 0.00034722,mast:HST/product/lb3j58020_x1dsum.png,mast:HST/product/lb3j58020_x1dsum.fits,PUBLIC,False,,24841081,1007490722,115.0,145.0,QSO J0623-6436,COS
science,HST,CALCOS,COS/FUV,HST,G160M,UV,IRAS-L06229-6434-COPY,ISM;ABSORPTION LINE SYSTEM - EXTRAGALACTIC,lb3j58030,95.782,-64.60575,spectrum,"Howk, Jay Christopher",3,55454.46576539352,55454.49137908565,2033.376,UV,140.5,177.5,The LMC as a QSO Absorption Line System,55819.55879616,11692,GO,,POLYGON 95.78191537 -64.60540468 95.78159517 -64.6054493 95.78134497 -64.60554591 95.78120803 -64.60567781 95.78120803 -64.60582219 95.78134496 -64.60595409 95.78159516 -64.6060507 95.78191537 -64.60609532 95.782250199999993 -64.60608023 95.78254178 -64.60600803 95.78273967 -64.60589123 95.78280966 -64.60575 95.78273966 -64.60560877 95.78254177 -64.60549196 95.782250199999993 -64.60541977 95.78191537 -64.60540468 95.78191537 -64.60540468,mast:HST/product/lb3j58030_x1dsum.png,mast:HST/product/lb3j58030_x1dsum.fits,PUBLIC,False,,24841082,1007490776,140.5,177.5,QSO J0623-6436,COS
science,HST,CALCOS,COS/FUV,HST,G160M,UV,IRAS-L06229-6434-COPY,ISM;ABSORPTION LINE SYSTEM - EXTRAGALACTIC,lb3j58040,95.782,-64.60575,spectrum,"Howk, Jay Christopher",3,55454.50352021991,55454.524075775465,1776.192,UV,140.5,177.5,The LMC as a QSO Absorption Line System,55819.65185176,11692,GO,,CIRCLE 95.782 -64.60575 0.00034722,mast:HST/product/lb3j58040_x1dsum.png,mast:HST/product/lb3j58040_x1dsum.fits,PUBLIC,False,,24841083,1007492662,140.5,177.5,QSO J0623-6436,COS
science,HST,CALCOS,COS/FUV,HST,G160M,UV,IRAS-L06229-6434,ISM;ABSORPTION LINE SYSTEM - EXTRAGALACTIC,lb3j09020,95.782,-64.60575,spectrum,"Howk, Jay Christopher",3,55184.88311994213,55184.95976385417,4142.368,UV,140.5,177.5,The LMC as a QSO Absorption Line System,55550.11151619,11692,GO,,POLYGON 95.78191537 -64.60540468 95.78159517 -64.6054493 95.78134497 -64.60554591 95.78120803 -64.60567781 95.78120803 -64.60582219 95.78134496 -64.60595409 95.78159516 -64.6060507 95.78191537 -64.60609532 95.782250199999993 -64.60608023 95.78254178 -64.60600803 95.78273967 -64.60589123 95.78280966 -64.60575 95.78273966 -64.60560877 95.78254177 -64.60549196 95.782250199999993 -64.60541977 95.78191537 -64.60540468 95.78191537 -64.60540468,mast:HST/product/lb3j09020_x1dsum.png,mast:HST/product/lb3j09020_x1dsum.fits,PUBLIC,False,,24841071,1007492702,140.5,177.5,QSO J0623-6436,COS
science,HST,CALCOS,COS/FUV,HST,G130M,UV,IRAS-L06229-6434,ISM;ABSORPTION LINE SYSTEM - EXTRAGALACTIC,lb3j09010,95.782,-64.60575,spectrum,"Howk, Jay Christopher",3,55184.80611770834,55184.87971716435,4538.0,UV,115.0,145.0,The LMC as a QSO Absorption Line System,55549.93516191,11692,GO,,POLYGON 95.78191537 -64.60540468 95.78159517 -64.6054493 95.78134497 -64.60554591 95.78120803 -64.60567781 95.78120803 -64.60582219 95.78134496 -64.60595409 95.78159516 -64.6060507 95.78191537 -64.60609532 95.782250199999993 -64.60608023 95.78254178 -64.60600803 95.78273967 -64.60589123 95.78280966 -64.60575 95.78273966 -64.60560877 95.78254177 -64.60549196 95.782250199999993 -64.60541977 95.78191537 -64.60540468 95.78191537 -64.60540468,mast:HST/product/lb3j09010_x1dsum.png,mast:HST/product/lb3j09010_x1dsum.fits,PUBLIC,False,,24841070,1007547588,115.0,145.0,QSO J0623-6436,COS
science,HST,CALCOS,COS/NUV,HST,G230L,UV,SDSSJ1422-0001,EXT-MEDIUM;ABSORPTION LINE SYSTEM;ABSORPTION LINE SYSTEM - EXTRAGALACTIC,lbr402010,215.7221333333,-0.03031666666669,spectrum,"Bouche, Nicolas F.",3,56317.330086724534,56317.55750570602,11290.784,UV,170.0,320.0,Testing feedback with z=1 star-forming galaxies,56682.70668971,12522,GO,,POLYGON -144.27820629999997 -0.030388889999891637 -144.27814757999997 -0.030520789999973229 -144.27804028 -0.030617399999981962 -144.27790295999998 -0.030662020000072107 -144.27775937000004 -0.030646930000046275 -144.27763433000004 -0.030574730000044206 -144.27754946999994 -0.030457930000085873 -144.27751945 -0.030316699999979609 -144.27754946999994 -0.030175470000096287 -144.27763433 -0.030058670000067549 -144.2777593700001 -0.029986469999909157 -144.27790296000006 -0.029971379999973517 -144.27804028000008 -0.030015999999994211 -144.27814757999994 -0.030112610000062611 -144.27820629999997 -0.030244509999902778 -144.27820629999997 -0.030388889999891637 -144.27820629999997 -0.030388889999891637,mast:HST/product/lbr402010_x1dsum.png,mast:HST/product/lbr402010_x1dsum.fits,PUBLIC,False,,24844121,1007548905,170.0,320.0,QSO J1422-0001,COS
science,HST,HASP,COS,HASP,G230L,UV;OPTICAL,SDSSJ1422-0001,,hst_hasp_12522_cos_sdssj1422-0001_lbr4,215.72213333333332,-0.030316666666945016,spectrum,Bouche,2,56317.33008101852,56317.5575,11290.784,UV;OPTICAL,209.17018000000002,363.35836,,56682.70668971,12522,HASP,,CIRCLE 215.7221333333 -0.03031666666669 0.00034722222222222224,mast:HST/product/hasp/hst_12522_cos_sdssj1422-0001_cg230l_lbr402_cspec.png,mast:HST/product/hasp/hst_12522_cos_sdssj1422-0001_cg230l_lbr4_cspec.fits,PUBLIC,False,,199243006,1103742235,209.17018000000002,363.35836,QSO J1422-0001,COS
science,HST,CALCOS,COS/FUV,HST,G140L,UV,SDSSJ075620.08+304535.3,UNIDENTIFIED;ACCRETION DISK;BLR,lb1407010,119.0836666667,30.75984166667,spectrum,"Heckman, Timothy M.",3,55270.15238290509,55270.37879383102,11415.52,UV,123.0,205.0,The Impact of Starbursts on the Gaseous Halos of Galaxies,55636.69179391,11728,GO,,POLYGON 119.08379153 30.76017193 119.08362443 30.76018702 119.08346464 30.7601424 119.08333977 30.76004579 119.08327144 30.75991389 119.08327144 30.75976951 119.08333978 30.75963761 119.08346464 30.759541 119.08362443 30.75949638 119.08379153 30.75951147 119.08393704 30.75958366 119.0840358 30.75970047 119.08407073 30.7598417 119.0840358 30.75998293 119.08393704 30.76009973 119.08379153 30.76017193 119.08379153 30.76017193,mast:HST/product/lb1407010_x1dsum.png,mast:HST/product/lb1407010_x1dsum.fits,PUBLIC,False,,24840814,1006538699,123.0,205.0,[VV2006] J075620.1+304535,COS
science,HST,HASP,COS,HASP,G140L,EUV;UV,SDSSJ075620.08+304535.3,,hst_hasp_11728_cos_sdssj075620d08p304535d3_lb14,119.083666666,30.759841666313093,spectrum,Heckman,2,55270.15237268519,55270.37878472222,11415.52,EUV;UV,45.04125,242.09446999999997,,56096.20966437,11728,HASP,,CIRCLE 119.0836666667 30.75984166667 0.00034722222222222224,mast:HST/product/hasp/hst_11728_cos_sdssj075620d08p304535d3_cg140l_lb1407_cspec.png,mast:HST/product/hasp/hst_11728_cos_sdssj075620d08p304535d3_cg140l_lb14_cspec.fits,PUBLIC,False,,198950411,1103738991,45.04125,242.09446999999997,[VV2006] J075620.1+304535,COS
